Reg. Nr,Actual Price,Predicted Price,Discount %,Discount SEK,Year,Mileage (km),HP,Engine,Fuel,Drive,Model Variant
OWD647,124900,151957,17.8,19103,2016,256850,190.0,D4,Diesel,AWD,D4 AWD Ocean Race BE PRO 190hk Panorama Navi P-värm
LEZ51E,399500,471064,15.2,79249,2021,74350,391.0,T8,Plugin Hybrid,AWD,Inscription T | Dragkrok | Harman Kardon |
TFM51U,379500,446521,15.0,74130,2023,61500,250.0,B5,Mild Hybrid,AWD,B5 AWD Bensin Core
YWY521,319900,373949,14.5,62367,2018,143150,408.0,T8,Plugin Hybrid,AWD,
RON05T,329500,384134,14.2,64950,2020,102110,391.0,T8,Plugin Hybrid,FWD,Momentum T8 TE Adwanced
ZFA527,284800,329778,13.6,43753,2018,100950,250.0,T5,Petrol,AWD,T5 II AWD Business Advanced NAV
LHS92D,299000,344070,13.1,38359,2020,119030,197.0,B4,Mild Hybrid,AWD,B4 AWD Diesel Momentum Advanced Edt
EOJ65M,349900,402470,13.1,62892,2020,123000,392.0,T8,Plugin Hybrid,AWD,T8 TE Inscription
AFR03D,484900,557606,13.0,74105,2025,20120,349.0,T6,Plugin Hybrid,AWD,T6 Core Nordic Edition
JBF54K,489900,562528,12.9,74864,2025,15350,349.0,T6,Plugin Hybrid,AWD,T6 Core Nordic Edition
UFG89P,379900,435432,12.8,59530,2023,73700,250.0,B5,Mild Hybrid,AWD,"B5 AWD Bensin Core, Navigation, P-Sensorer bak"
GDP79S,379800,434668,12.6,73350,2022,131580,391.0,T8,Plugin Hybrid,AWD,Recharge T8 Insc. B-Kamera H/K panorama
OJP06D,454900,519207,12.4,63827,2025,55430,349.0,T6,Plugin Hybrid,AWD,T6 Core Special Edition
DCG77A,389900,442411,11.9,56766,2023,66700,250.0,B5,Mild Hybrid,AWD,B5 AWD Bensin Core
UHT99P,369900,418322,11.6,46828,2023,105380,252.0,T6,Plugin Hybrid,AWD,"Recharge T6 Core Edition, Dragkrok, Panoramaglastak"
GJR01Z,499900,564036,11.4,69740,2025,12570,349.0,T6,Plugin Hybrid,AWD,T6 Core Special Edition (SELEKT)
RBR00G,379000,427268,11.3,48173,2023,95800,252.0,T6,Plugin Hybrid,AWD,Recharge T6 Core Edition
MHK48M,479900,539981,11.1,59711,2025,36670,349.0,T6,Plugin Hybrid,AWD,T6 Core Special Edition
WRA45R,398900,448585,11.1,51069,2024,102620,349.0,T6,Plugin Hybrid,AWD,Recharge T6 Core Edition
EMZ76J,379000,425567,10.9,50517,2023,83550,250.0,B5,Mild Hybrid,AWD,B5 AWD Bensin Core
FBF26A,429900,481948,10.8,60294,2024,53670,250.0,B5,Mild Hybrid,AWD,B5 AWD Bensin Core
CJY53Z,419000,469360,10.7,49675,2023,54990,252.0,T6,Plugin Hybrid,AWD,Recharge T6 Core Edition
CMZ54E,369000,412314,10.5,44770,2023,110250,252.0,T6,Plugin Hybrid,AWD,Recharge T6 Core Edition
GRP66X,419500,468395,10.4,59442,2024,65590,250.0,B5,Mild Hybrid,AWD,B5 AWD Bensin Core
YCP12P,499900,557895,10.4,62440,2025,18580,349.0,T6,Plugin Hybrid,AWD,T6 Core Edition H/K PANORAMA
TJH66K,379800,423806,10.4,56614,2020,60080,391.0,T8,Plugin Hybrid,FWD,Momentum T8 TE
STT87C,467900,522076,10.4,56283,2025,51780,349.0,T6,Plugin Hybrid,AWD,T6 Core Edition
LHP74G,494900,551978,10.3,60651,2025,24260,349.0,T6,Plugin Hybrid,AWD,T6 Core Edition H/K PANORAMA
WBA92X,469500,523587,10.3,54898,2024,32650,349.0,T6,Plugin Hybrid,AWD,Recharge T6 II Core Edition
JLE39N,354900,395148,10.2,53023,2020,89500,391.0,T8,Plugin Hybrid,FWD,T8 TE Momentum Edition
FLR68C,399900,444820,10.1,58611,2022,123520,391.0,T8,Plugin Hybrid,AWD,Recharge T8 R-Design
TMO938,359900,400279,10.1,31656,2022,108890,340.0,T6,Plugin Hybrid,AWD,Recharge T6 Inscription Expression
BDP12R,467900,520020,10.0,54276,2025,53620,349.0,T6,Plugin Hybrid,AWD,T6 Core Edition
PYT303,174800,194171,10.0,-1075,2017,173000,190.0,D4,Diesel,FWD,D4 Classic Momentum DRAG
DXX50F,474500,527002,10.0,53748,2024,29340,349.0,T6,Plugin Hybrid,AWD,Recharge T6 II Core Edition (NAV/KAMERA)
OJL06T,499900,553572,9.7,57457,2025,22740,349.0,T6,Plugin Hybrid,AWD,T6 Core Special Edition (SELEKT) LJUSPKT DRAG
WGD89A,389000,430650,9.7,54009,2021,111580,391.0,T8,Plugin Hybrid,AWD,Inscription T
RZH977,283000,313142,9.6,29767,2018,138100,190.0,D4,Diesel,AWD,D4 AWD Business Advanced MA 18'
KGN19G,429900,475614,9.6,55724,2021,69110,391.0,T8,Plugin Hybrid,AWD,Inscription T
CRA06X,399900,442021,9.5,38640,2023,82580,252.0,T6,Plugin Hybrid,AWD,Recharge T6 Core Edition
JGJ02H,479900,529501,9.4,51209,2024,26900,349.0,T6,Plugin Hybrid,AWD,Recharge T6 Core Edition
PSW00E,379000,418047,9.3,39839,2023,104700,252.0,T6,Plugin Hybrid,AWD,Recharge T6 Core Edition -DRAG!
HMJ80G,329000,362726,9.3,23937,2021,123120,341.0,T6,Plugin Hybrid,AWD,Recharge T6 Inscr Expression T - PANO/DRAG!
HHL95F,499900,551010,9.3,54562,2025,25180,349.0,T6,Plugin Hybrid,AWD,T6 Core Special Edition (SELEKT)
PXR54B,509900,561640,9.2,56859,2025,14930,349.0,T6,Plugin Hybrid,AWD,T6 Core Nordic Edition (SELEKT)
WBY76U,504900,555418,9.1,54570,2025,20970,349.0,T6,Plugin Hybrid,AWD,T6 Core Edition H/K PANORAMA (SELEKT)
COR00Z,519000,570869,9.1,54786,2023,33940,455.0,T8,Plugin Hybrid,AWD,Recharge T8 AWD Plus Dark/360-Kamera/Drag/
GBR67J,509900,560741,9.1,55789,2025,15810,349.0,T6,Plugin Hybrid,AWD,T6 Core Nordic Edition Dragkrok (SELEKT)
OFG60S,474900,522144,9.0,47892,2024,34040,349.0,T6,Plugin Hybrid,AWD,Recharge T6 Core Edition (SELEKT)
LDR81L,509900,560471,9.0,50822,2023,44130,455.0,T8,Plugin Hybrid,AWD,Recharge T8 Plus Dark Läder Pano B-Kamera
CBW23H,464500,510515,9.0,45754,2024,45090,349.0,T6,Plugin Hybrid,AWD,Recharge T6 II Core Edition * OUTLET *
YRM450,169400,186092,9.0,5522,2017,179000,149.0,D3,Diesel,FWD,D3 Classic Momentum
AJU832,249900,274415,8.9,26317,2018,187580,190.0,D4,Diesel,AWD,D4 AWD Business Advanced DRAGKROK
DLM64X,419900,460959,8.9,50309,2022,111060,456.0,T8,Plugin Hybrid,AWD,Recharge T8 AWD Inscription | Navi | B&W | Pano | 360°
RRB09D,514900,565246,8.9,56212,2025,11370,349.0,T6,Plugin Hybrid,AWD,T6 Core Edition H/K PANORAMA (SELEKT)
RAU390,479500,526380,8.9,45166,2024,31140,349.0,T6,Plugin Hybrid,AWD,Recharge T6 Core Edition / Panorama/ Backkamera / Ljuspaket * SUPERDEAL *
WCF49D,589900,647176,8.9,64121,2026,1430,349.0,T6,Plugin Hybrid,AWD,T6 Core Nordic Edition
NSK12N,499900,548399,8.8,51651,2025,27650,349.0,T6,Plugin Hybrid,AWD,T6 Core Edition
OJA81B,509900,559347,8.8,54142,2025,17170,349.0,T6,Plugin Hybrid,AWD,T6 Core Edition (SELEKT) 0% RÄNTA
MFC48A,349000,382674,8.8,37571,2023,140270,252.0,T6,Plugin Hybrid,AWD,Recharge T6 Core Edition
JZR03N,589800,646428,8.8,60131,2026,3500,349.0,T6,Plugin Hybrid,AWD,T6 Core Nordic Edition - Demobil
PXG44L,359900,394393,8.7,36277,2023,128660,252.0,T6,Plugin Hybrid,AWD,Recharge T6 Core Edition DRAG
DNS13T,509900,558637,8.7,53308,2025,17860,349.0,T6,Plugin Hybrid,AWD,T6 Core Nordic Edition PANORAMA DRAG
FEW18P,589900,645820,8.7,59302,2026,4090,350.0,T6,Plugin Hybrid,AWD,T6 Plus Bright Nordic Edition
NZR59N,489900,536282,8.6,48640,2025,38910,349.0,T6,Plugin Hybrid,AWD,T6 Core Special Edition
JBF94A,509900,557502,8.5,51982,2025,18960,349.0,T6,Plugin Hybrid,AWD,T6 Core Edition H/K PANORAMA (SELEKT)
FRJ013,369000,403289,8.5,36953,2023,119030,252.0,T6,Plugin Hybrid,AWD,Recharge T6 Core Edition - DRAG!
PMP71X,514900,562718,8.5,53151,2025,13870,349.0,T6,Plugin Hybrid,AWD,T6 Core Edition H/K PANORAMA (SELEKT)
RDS960,229000,250146,8.5,28858,2017,114100,190.0,D4,Diesel,AWD,D4 AWD Classic Momentum
RNU05G,289900,316564,8.4,26685,2019,129000,190.0,D4,Diesel,AWD,D4 AWD Momentum Advanced SE
BWT75M,519900,566911,8.3,53257,2025,9710,349.0,T6,Plugin Hybrid,AWD,T6 Core Nordic Edition
HNR02A,509900,555980,8.3,47237,2025,21680,349.0,T6,Plugin Hybrid,AWD,T6 Core Edition
UHY48A,289900,315945,8.2,34855,2023,161790,250.0,B5,Mild Hybrid,FWD,B5 Bensin Core
RBA25F,454900,495708,8.2,37657,2024,59950,350.0,T6,Plugin Hybrid,AWD,Recharge T6 AWD Core Edt 350hk Panorama Drag Navi
LFY61C,289800,315665,8.2,29505,2021,166730,197.0,B4,Mild Hybrid,AWD,B4 AWD Diesel Momentum Advanced SE
MJA61S,479900,522618,8.2,40579,2024,34760,349.0,T6,Plugin Hybrid,AWD,Recharge T6 II Core Edition
LLA107,159900,173929,8.1,16482,2015,174740,181.0,B4,Diesel,AWD,
OKY24N,388900,423010,8.1,40560,2023,85110,250.0,B5,Mild Hybrid,AWD,B5 AWD Bensin Core
RAD89W,344500,374610,8.0,35620,2023,148370,252.0,T6,Plugin Hybrid,AWD,Recharge T6 Core Edition | Dragkrok | Läderklädsel | Elstolar
YNP42Z,489000,531683,8.0,44795,2025,43110,349.0,T6,Plugin Hybrid,AWD,T6 AWD Core Special Edition//Dragkrok//
PLE44X,339900,369567,8.0,36249,2023,153490,252.0,T6,Plugin Hybrid,AWD,Recharge T6 Core Edition Drag B-Kam
KHW30E,359900,391309,8.0,25886,2022,117000,341.0,T6,Plugin Hybrid,AWD,Recharge T6 Inscription Expression DRAG PANORAMA
YLT92Z,369900,402173,8.0,32814,2023,121040,252.0,T6,Plugin Hybrid,AWD,Recharge T6 Core Edition
JAZ41J,509900,554157,8.0,48125,2025,22180,349.0,T6,Plugin Hybrid,AWD,T6 Core Edition
WAY92K,479000,520561,8.0,42043,2024,35560,349.0,T6,Plugin Hybrid,AWD,Recharge T6 Core Edition
RSU66A,349000,379257,8.0,34822,2023,143690,252.0,T6,Plugin Hybrid,AWD,Recharge T6 Core Edition
UMP62B,514900,559378,8.0,49178,2025,17140,349.0,T6,Plugin Hybrid,AWD,T6 Core Edition H/K PANORAMA (SELEKT)
UXP63A,509900,553750,7.9,47660,2025,22570,349.0,T6,Plugin Hybrid,AWD,T6 Core Edition H/K PANORAMA
MFJ01G,419000,454966,7.9,34753,2023,69060,252.0,T6,Plugin Hybrid,AWD,Recharge T6 Core Edition
KBP05K,514900,558926,7.9,48646,2025,17580,349.0,T6,Plugin Hybrid,AWD,T6 Core Edition
ASU024,124900,135564,7.9,-14280,2015,243070,181.0,D4,Diesel,FWD,D4 Ocean Race BE 181hk P-värm PDC Rattvärm
OGS23N,529000,574143,7.9,50090,2025,3750,349.0,T6,Plugin Hybrid,AWD,T6 Core Special Edition/ SELEKT
WAC56X,419000,454719,7.9,34504,2023,69300,252.0,T6,Plugin Hybrid,AWD,Recharge T6 Core Edition
KLP09F,514900,558297,7.8,47910,2025,18190,349.0,T6,Plugin Hybrid,AWD,T6 Core Edition H/K PANORAMA (SELEKT)
JAA70K,399000,432426,7.7,32938,2023,90830,252.0,T6,Plugin Hybrid,AWD,Recharge T6 Core Edition
SMS97B,479000,519024,7.7,44373,2022,58000,391.0,T8,Plugin Hybrid,AWD,Recharge T8 R-Design
RAH04K,389900,422359,7.7,38920,2023,85760,250.0,B5,Mild Hybrid,AWD,B5 AWD Bensin Core | Klimatpaket |
WBY21M,519900,562850,7.6,48310,2025,13740,349.0,T6,Plugin Hybrid,AWD,T6 Core Nordic Edition
WDP85S,514900,557316,7.6,46766,2025,19140,349.0,T6,Plugin Hybrid,AWD,T6 Core Edition H/K PANORAMA (SELEKT)
YFP44E,509900,551800,7.6,45450,2025,24430,349.0,T6,Plugin Hybrid,AWD,T6 Core Edition H/K PANORAMA
XMH50K,289000,312692,7.6,26996,2020,130840,250.0,T5,Petrol,AWD,T5 AWD Momentum Advanced SE II / Xvision ljusramp / kamera
RAD03S,429000,464117,7.6,34138,2023,60140,252.0,T6,Plugin Hybrid,AWD,Recharge T6 Core Edition
BAP13F,514900,557047,7.6,46453,2025,19400,349.0,T6,Plugin Hybrid,AWD,T6 Core Edition H/K (SELEKT)
DTL34H,684000,739839,7.5,41689,2026,8500,455.0,T8,Plugin Hybrid,AWD,T8 Plus Black Nordic Edition
CSP01X,419900,454025,7.5,43698,2023,61580,197.0,B4,Mild Hybrid,AWD,B4 AWD Diesel Core
XXR32T,489000,528563,7.5,41630,2025,45940,349.0,T6,Plugin Hybrid,AWD,T6 Core Special Edition
FDB36K,459000,496026,7.5,40034,2023,28080,252.0,T6,Plugin Hybrid,AWD,Recharge T6 Core Edition
ZUD413,319000,344656,7.4,17536,2021,142830,341.0,T6,Plugin Hybrid,AWD,Recharge T6 Inscr Expression T
CWP04K,514900,556280,7.4,45565,2025,20140,349.0,T6,Plugin Hybrid,AWD,T6 Core Edition H/K PANORAMA (SELEKT)
KPU26W,395000,426609,7.4,27869,2023,99920,350.0,T6,Plugin Hybrid,AWD,Recharge T6 Core Edition
JAB69D,399000,430910,7.4,31530,2023,92290,252.0,T6,Plugin Hybrid,AWD,Recharge T6 Core Edition
NEH12N,424900,458412,7.3,32347,2023,65710,252.0,T6,Plugin Hybrid,AWD,Recharge T6 Core Edition
DWJ97T,494900,533877,7.3,41147,2025,41110,349.0,T6,Plugin Hybrid,AWD,T6 Core Special Edition (SELEKT)
DWT34D,519900,560813,7.3,45874,2025,15740,349.0,T6,Plugin Hybrid,AWD,T6 Core Nordic Edition
YNE171,299500,323065,7.3,27086,2019,62000,250.0,T5,Petrol,FWD,T5 Momentum Edition | Dragkrok |
JBL77W,599900,646751,7.2,53629,2026,1820,349.0,T6,Plugin Hybrid,AWD,"XC60 Core, T6 AWD Laddhybrid, El-/Bensin"
GDE87C,319500,344346,7.2,28078,2019,77530,250.0,T5,Petrol,AWD,Momentum T5
CXX49G,504900,543661,7.1,41470,2025,32090,349.0,T6,Plugin Hybrid,AWD,T6 Core Special Edition (SELEKT)
NDP06W,509900,548759,7.1,42051,2025,27310,349.0,T6,Plugin Hybrid,AWD,T6 Core Edition 360 H/K PANORAMA
RRB09F,509900,548717,7.1,42004,2025,27350,349.0,T6,Plugin Hybrid,AWD,T6 Core Edition H/K PANORAMA
PLW215,289500,311517,7.1,21649,2018,140090,190.0,D4,Diesel,AWD,"D4 AWD Business Advanced, Teknikpaket, Klimatpaket, Parkeringskamera Bak, Bakluc"
NHF49E,439900,473196,7.0,32906,2023,51200,252.0,T6,Plugin Hybrid,AWD,Recharge T6 Core Edition | Drag
LKP37Y,514900,553865,7.0,42791,2025,22460,349.0,T6,Plugin Hybrid,AWD,T6 Core Edition H/K PANORAMA (SELEKT)
TLP04N,509900,548441,7.0,41698,2025,27610,349.0,T6,Plugin Hybrid,AWD,T6 Core Edition 360 H/K (SELEKT)
ODJ40Z,359000,385997,7.0,30266,2023,136960,252.0,T6,Plugin Hybrid,AWD,Recharge T6 Core Edition
ERW00T,579500,622974,7.0,42615,2024,18090,455.0,T8,Plugin Hybrid,AWD,Recharge T8 Ultimate Bright | 360° | H&K | HUD |
KHJ79D,254800,273862,7.0,18822,2020,204970,197.0,B4,Mild Hybrid,AWD,B4 AWD Diesel Momentum Advanced Edt
EFG66E,329500,354016,6.9,17993,2020,107700,197.0,B4,Mild Hybrid,AWD,B4 AWD Diesel Momentum Advanced Edt/ 360 Kamera /Elstol /H/K * SUPERDEAL *
DGC16J,379100,407147,6.9,30171,2023,115270,252.0,T6,Plugin Hybrid,AWD,Recharge T6 Core Edition
WZS84S,519000,557368,6.9,42726,2025,19090,349.0,T6,Plugin Hybrid,AWD,T6 Core Nordic Edition
FWA04C,409000,439036,6.8,29162,2023,84460,252.0,T6,Plugin Hybrid,AWD,Recharge T6 Core Edition
RGA29Y,605700,650181,6.8,48570,2026,60,349.0,T6,Plugin Hybrid,AWD,T6 Plus Dark Nordic Edition
POA33J,429900,461306,6.8,41338,2022,109150,392.0,T8,Plugin Hybrid,AWD,Recharge T8 AWD R-Design | B&W | Pano | Drag
WAD38P,399900,429102,6.8,26550,2023,95000,252.0,T6,Plugin Hybrid,AWD,Recharge T6 Core Edition
DKT23M,445000,477491,6.8,32517,2023,46930,252.0,T6,Plugin Hybrid,AWD,Recharge T6 Core Edition
HKC88K,429900,461120,6.8,30126,2023,63070,252.0,T6,Plugin Hybrid,AWD,Recharge T6 Core Edition
ZDD739,239900,257275,6.8,7589,2019,170050,190.0,D4,Diesel,FWD,D4 Momentum Edition//Drag//Harman Kardon//
GZL46C,389000,417168,6.8,25516,2023,108970,350.0,T6,Plugin Hybrid,AWD,Recharge T6 Core Edition / AWD / GOOGLE / PANORAMA
DSL50U,489300,524497,6.7,36118,2024,31770,349.0,T6,Plugin Hybrid,AWD,Recharge T6 Core Edition
PCP12W,519900,557099,6.7,41513,2025,19350,349.0,T6,Plugin Hybrid,AWD,T6 Core Edition
KNH16W,424900,455182,6.7,29071,2023,68850,252.0,T6,Plugin Hybrid,AWD,Recharge T6 Core Edition
JZP52P,509500,545652,6.6,39033,2025,30230,349.0,T6,Plugin Hybrid,AWD,T6 Core Special Edition
TMG59B,419900,449601,6.6,28502,2023,74260,252.0,T6,Plugin Hybrid,AWD,Recharge T6 Core Edition
MKP22F,599000,641266,6.6,45130,2026,8150,349.0,T6,Plugin Hybrid,AWD,T6 Plus Bright
PNB24R,399000,426604,6.5,27565,2023,96440,252.0,T6,Plugin Hybrid,AWD,Recharge T6 Core Edition
GOU498,299500,320199,6.5,14413,2018,163900,235.0,D5,Diesel,AWD,D5 AWD Inscription IB 19'
MWA32U,449900,480877,6.4,28545,2024,73440,349.0,T6,Plugin Hybrid,AWD,Recharge T6 Core Edition
DPK16A,324500,346660,6.4,35075,2020,142370,391.0,T8,Plugin Hybrid,FWD,Momentum T8 TE Adwanced
BCP13G,504900,539206,6.4,36710,2025,36220,349.0,T6,Plugin Hybrid,AWD,T6 Core Edition
XZP58P,514900,549860,6.4,38275,2025,26270,349.0,T6,Plugin Hybrid,AWD,"XC60 Core, T6 AWD Laddhybrid, El-/Bensin, Bright"
ZDS70U,409800,437487,6.3,24439,2023,86940,252.0,T6,Plugin Hybrid,AWD,Recharge T6 Core Edition
HYT47W,434900,464076,6.3,28195,2023,60180,252.0,T6,Plugin Hybrid,AWD,Recharge T6 Core Edition
YWY01U,509800,543892,6.3,35537,2022,36850,391.0,T8,Plugin Hybrid,AWD,Recharge T8 R-Design/Harman/Drag/Kamera/Värmare
HBK78J,509900,543897,6.3,36726,2025,31870,349.0,T6,Plugin Hybrid,AWD,T6 Core Edition
BTG82A,444900,474416,6.2,29235,2023,49990,252.0,T6,Plugin Hybrid,AWD,Recharge T6 Core Bright
URW00H,429500,457725,6.2,24475,2023,67420,252.0,T6,Plugin Hybrid,AWD,Recharge T6 Core Edition
SJM16G,269500,287193,6.2,18021,2019,165950,190.0,D4,Diesel,AWD,D4 AWD Momentum SE
PPX07B,369900,394019,6.1,37261,2023,80360,197.0,B4,Mild Hybrid,FWD,B4 Diesel Core
AMJ21X,409000,434934,6.0,18401,2022,73330,341.0,T6,Plugin Hybrid,AWD,Recharge T6 Inscription Expression
SBY87S,409000,434709,5.9,25072,2023,88630,252.0,T6,Plugin Hybrid,AWD,Recharge T6 Core Edition
CDJ87B,439500,466835,5.9,28670,2024,85150,349.0,T6,Plugin Hybrid,AWD,Recharge T6 II Core Edition
KRP02G,519900,552167,5.8,35865,2025,24080,349.0,T6,Plugin Hybrid,AWD,T6 Core Special Edition Drag / Pano (SELEKT)
SFC94G,609900,647726,5.8,35146,2025,16760,455.0,T8,Plugin Hybrid,AWD,T8 Ultra Bright Dragkrok / 21' (SELEKT)
BHN92J,359500,381783,5.8,26352,2023,141160,252.0,T6,Plugin Hybrid,AWD,Recharge T6 Core Ed./GPS/Kamera/Drag
ZTZ43U,449000,476719,5.8,27663,2023,47700,252.0,T6,Plugin Hybrid,AWD,Recharge T6 Core Edition
GZN20E,469900,498887,5.8,25809,2024,57000,349.0,T6,Plugin Hybrid,AWD,Recharge T6 II Core Edition
WCB03T,613000,650203,5.7,41295,2026,40,349.0,T6,Plugin Hybrid,AWD,T6 Core Nordic Edition
YRR787,259900,275625,5.7,11299,2019,165410,250.0,T5,Petrol,AWD,T5 AWD Mom Adv SE Skinn Kamera Teknikpkt VOC
JAL56H,449000,475887,5.6,27358,2024,76950,349.0,T6,Plugin Hybrid,AWD,Recharge T6 Core Edition
EWN26X,379900,401982,5.5,35128,2020,82270,391.0,T8,Plugin Hybrid,FWD,Inscription T8 TE
BUY73G,354000,374376,5.4,12303,2021,109690,341.0,T6,Plugin Hybrid,AWD,Recharge T6 Inscription Expression /AWD/ Blis/ Navi
NPR96K,529900,560250,5.4,35207,2025,16290,349.0,T6,Plugin Hybrid,AWD,T6 Core Nordic Edition
WJT992,449800,474866,5.3,32335,2022,97380,391.0,T8,Plugin Hybrid,AWD,Recharge T8 R-Design (Nav/Pano/Kamera)
KEA40G,349500,368969,5.3,36311,2020,156260,392.0,T8,Plugin Hybrid,AWD,T8 TE R-Design
PWN64H,309000,326171,5.3,18863,2019,99280,250.0,T5,Petrol,AWD,T5 AWD Momentum Advanced SE
YKM32P,469000,494976,5.2,25873,2023,30370,252.0,T6,Plugin Hybrid,AWD,Recharge T6 Core Edition
JJA68R,319900,337457,5.2,53469,2021,203800,391.0,T8,Plugin Hybrid,AWD,R-Design T
OXJ01F,489900,516660,5.2,34386,2023,79880,455.0,T8,Plugin Hybrid,AWD,Recharge T8 Plus Bright Pano (SELEKT)
DYC56F,409000,431101,5.1,14494,2022,77170,341.0,T6,Plugin Hybrid,AWD,Recharge T6 Inscription
EMR01T,519900,547624,5.1,30795,2025,28380,349.0,T6,Plugin Hybrid,AWD,T6 Core Edition
ZFZ53G,449000,472909,5.1,24638,2024,79650,349.0,T6,Plugin Hybrid,AWD,Recharge T6 Core Edition / Google / Kamera / Sensorer / VOC
JWA366,469900,494662,5.0,21655,2024,60880,349.0,T6,Plugin Hybrid,AWD,Recharge T6 Core Edition
UUP08H,522900,550323,5.0,27873,2025,27050,349.0,T6,Plugin Hybrid,AWD,T6 Plus Dark Edition | Läder
YTG943,249900,262982,5.0,3558,2019,161860,190.0,D4,Diesel,FWD,D4 Momentum SE Loungepaket Läder
RAB82N,399900,420779,5.0,21384,2023,102060,252.0,T6,Plugin Hybrid,AWD,"Recharge T6 Core Edition, Taklucka, Dragkrok, on call, Navigation"
PDS367,223000,234568,4.9,13526,2017,139130,190.0,D4,Diesel,AWD,D4 AWD Classic Summum/Panorama/Navi/Skinn/Värmare
HAN84W,469000,493072,4.9,36329,2023,99410,455.0,T8,Plugin Hybrid,AWD,Recharge T8 Plus Dark
WCK54E,618900,650287,4.8,35457,2026,0,350.0,T6,Plugin Hybrid,AWD,Ny T6 Plus Dark Nordic Edition
RCE22W,618900,650287,4.8,35457,2026,0,350.0,T6,Plugin Hybrid,AWD,Ny T6 Plus Dark Nordic Edition
FDW72S,519900,546186,4.8,29216,2025,29730,349.0,T6,Plugin Hybrid,AWD,T6 Plus Dark Edition 0% RÄNTA FRI SERVICE
OTL85F,429500,451201,4.8,33559,2021,91660,391.0,T8,Plugin Hybrid,AWD,R-Design |Drag |360° |HUD |21' |Panorama |Mörkton
BJH12X,389000,408432,4.8,21383,2023,114020,252.0,T6,Plugin Hybrid,AWD,Recharge T6 Core Edition//Dragkrok//Panorama//
YDZ30M,509000,534185,4.7,29169,2022,44500,391.0,T8,Plugin Hybrid,AWD,Recharge T8 R-Design
NPX96D,534900,561038,4.7,29124,2023,42510,455.0,T8,Plugin Hybrid,AWD,Recharge T8 Ultimate Bright
HGE68A,319000,334453,4.6,20407,2020,104270,250.0,T5,Petrol,AWD,T5 AWD Momentum Advanced SE II
YGJ05K,429900,450479,4.6,15203,2023,77100,350.0,T6,Plugin Hybrid,AWD,Recharge T6 Core Edition
HGK30W,484900,507902,4.5,22629,2024,47540,349.0,T6,Plugin Hybrid,AWD,Recharge T6 Plus Bright
OJA46Z,474900,497069,4.5,21647,2024,57600,349.0,T6,Plugin Hybrid,AWD,"XC60 Recharge Core, T6 AWD Laddhybrid, El-/Bensin, Bright"
CER03C,509900,533669,4.5,25932,2025,41300,349.0,T6,Plugin Hybrid,AWD,T6 Core Edition
SMR40M,489400,511960,4.4,22375,2024,43730,349.0,T6,Plugin Hybrid,AWD,Recharge T6 II Plus Bright (SELEKT)
AWA04K,359900,376404,4.4,23831,2023,145670,252.0,T6,Plugin Hybrid,AWD,Recharge T6 Core Edition
NMY869,309800,323997,4.4,12155,2018,108100,250.0,T5,Petrol,AWD,T5 II AWD Inscription
ZPB97A,449900,470445,4.4,19937,2023,53920,252.0,T6,Plugin Hybrid,AWD,Recharge T6 Core Edition
GGR00H,414900,433754,4.3,18278,2023,89550,252.0,T6,Plugin Hybrid,AWD,Recharge T6 Core Edition
ZWD00G,359000,375048,4.3,19363,2022,125000,197.0,B4,Mild Hybrid,AWD,B4 AWD Diesel Mom Advanced Edt II
YZA608,622600,650236,4.3,31733,2026,10,349.0,T6,Plugin Hybrid,AWD,T6 Plus Dark Nordic Edition
YBA20Y,358900,374816,4.2,10283,2022,134690,341.0,T6,Plugin Hybrid,AWD,Recharge T6 Inscription
NUZ12K,622900,650287,4.2,31457,2026,0,350.0,T6,Plugin Hybrid,AWD,Ny T6 Plus Bright Nordic Edition
XZR02S,622900,650287,4.2,31457,2026,0,350.0,T6,Plugin Hybrid,AWD,Ny T6 Plus Bright Nordic Edition
JOH60U,359500,375163,4.2,18966,2022,124880,197.0,B4,Mild Hybrid,AWD,B4 AWD Diesel Momentum Advanced
YMF477,234900,244997,4.1,15751,2017,122300,190.0,D4,Diesel,AWD,D4 AWD Classic Summum 190hk Värmare Navi VOC
FJC356,329000,343008,4.1,12410,2021,96070,197.0,B4,Mild Hybrid,FWD,B4 Diesel Momentum Advanced SE
HJM38K,439900,458442,4.0,17379,2023,65680,252.0,T6,Plugin Hybrid,AWD,Recharge T6 Core Edition
ZDJ10H,369900,385480,4.0,28134,2023,89620,197.0,B4,Mild Hybrid,FWD,B4 Diesel Core
LCW01C,409800,427040,4.0,17164,2023,96020,252.0,T6,Plugin Hybrid,AWD,Recharge T6 Core Edition
NKR02D,529900,551831,4.0,25485,2025,24400,349.0,T6,Plugin Hybrid,AWD,T6 Plus Dark Edition
ZHA615,619200,644807,4.0,28889,2026,4970,349.0,T6,Plugin Hybrid,AWD,T6 Plus Dark Nordic Edition Demobil/Drag/Harmankardon/360Kamera
YHN61P,229900,239242,3.9,8152,2020,198460,253.0,T6,Petrol,FWD,
LYR91C,439900,457610,3.9,16530,2023,66490,252.0,T6,Plugin Hybrid,AWD,Recharge T6 Core Edition (SELEKT) PANORAMA DRAG
UYL89T,449900,467808,3.8,19139,2024,84270,349.0,T6,Plugin Hybrid,AWD,Recharge T6 II Core Edition
RKG29A,419900,436546,3.8,15901,2023,86860,252.0,T6,Plugin Hybrid,AWD,Recharge T6 Core Bright
ZYE52G,459500,477452,3.8,13122,2023,50990,350.0,T6,Plugin Hybrid,AWD,Recharge T6 Core Bright
WDJ00R,454000,471255,3.7,16707,2023,53120,252.0,T6,Plugin Hybrid,AWD,Recharge T6 Core Edition/ Panorama/ Navi/ Kamera
RCD12C,619000,642369,3.6,29524,2026,5810,349.0,T6,Plugin Hybrid,AWD,T6 Plus Dark Nordic Edition
RCD71N,626900,650287,3.6,27457,2026,0,350.0,T6,Plugin Hybrid,AWD,"Ny T6 Plus Dark Nordic Edition, Lagerbil snabb leverans!"
BEY12T,626900,650287,3.6,27457,2026,0,350.0,T6,Plugin Hybrid,AWD,Ny T6 Plus Bright Nordic Edition
SHY41A,626900,650287,3.6,27457,2026,0,350.0,T6,Plugin Hybrid,AWD,Ny T6 Plus Dark Nordic Edition
TRB16M,626900,650287,3.6,27457,2026,0,350.0,T6,Plugin Hybrid,AWD,Ny T6 Plus Dark Nordic Edition
KMW01Z,626900,650287,3.6,27457,2026,0,350.0,T6,Plugin Hybrid,AWD,Ny T6 Plus Dark Nordic Edition
KJS80Z,626900,650287,3.6,27457,2026,0,350.0,T6,Plugin Hybrid,AWD,Ny T6 Plus Dark Nordic Edition
PTB85W,339800,352457,3.6,3717,2021,134260,341.0,T6,Plugin Hybrid,AWD,Recharge T6 Inscription T
ZNR03H,626900,650236,3.6,27433,2026,10,349.0,T6,Plugin Hybrid,AWD,T6 Plus Dark Nordic Edition
RDG66C,424900,440644,3.6,14796,2023,82910,252.0,T6,Plugin Hybrid,AWD,Recharge T6 Core Edition (SELEKT)
WMT10R,499900,518216,3.5,25681,2023,78590,455.0,T8,Plugin Hybrid,AWD,"Recharge T8 Plus Dark, Taklucka, on call, Navigation"
OOP02T,299900,310836,3.5,-2344,2020,112450,250.0,B5,Mild Hybrid,FWD,B5 Bensin Mom Advanced SEIII
JBJ84N,614500,636842,3.5,27902,2026,10750,349.0,T6,Plugin Hybrid,AWD,T6 Plus Dark Nordic Edition DEMOBIL
ELJ967,215000,222707,3.5,17480,2016,147670,220.0,D5,Diesel,AWD,D5 AWD Ocean Race Business E PRO *SE SPEC*
UHF17A,339000,351123,3.5,7841,2020,110050,197.0,B4,Mild Hybrid,AWD,B4 AWD Diesel Momentum Advanced Edt
ABX93D,489900,507268,3.4,22577,2022,68310,391.0,T8,Plugin Hybrid,AWD,Recharge T8 R-Design Pro Edition
HPT28G,439900,455352,3.4,11685,2023,69720,252.0,T6,Plugin Hybrid,AWD,Recharge T6 Core Edition
ONT23R,434500,449697,3.4,18779,2024,100660,349.0,T6,Plugin Hybrid,AWD,Recharge T6 Core Edition |Drag |Kamera |HK |Panorama
YUH821,289500,299527,3.3,5927,2018,138920,254.0,T5,Petrol,AWD,T5 AWD Inscription |Drag |360° |Läder |Elstol |Mörkton
YRF677,349000,361052,3.3,20581,2019,56460,250.0,T5,Petrol,AWD,T5 AWD Momentum SE
CJE15G,485000,501743,3.3,18883,2022,75920,456.0,T8,Plugin Hybrid,AWD,Recharge T8 II R-Design *SE SPEC* STORA BATTERIET
RCH62M,629000,650236,3.3,25333,2026,10,349.0,T6,Plugin Hybrid,AWD,T6 Plus Dark Nordic Edition
FAR25L,629000,649650,3.2,24649,2026,550,349.0,T6,Plugin Hybrid,AWD,T6 Plus Dark Nordic Edition
ADZ93D,489800,505744,3.2,20167,2022,71410,455.0,T8,Plugin Hybrid,AWD,Recharge T8 II Inscription (SELEKT) SE SPEC
WEJ922,349900,361262,3.1,18211,2019,110510,303.0,T8,Plugin Hybrid,FWD,T8 TE Inscription
ZKJ43P,629900,650287,3.1,24457,2026,0,350.0,T6,Plugin Hybrid,AWD,Ny T6 Plus Bright Nordic Edition
JBN75Z,629900,650287,3.1,24457,2026,0,350.0,T6,Plugin Hybrid,AWD,Ny T6 Plus Dark Nordic Edition
NHX59N,629900,650287,3.1,24457,2026,0,350.0,T6,Plugin Hybrid,AWD,Ny T6 Plus Dark Nordic Edition
ZNA608,629900,650287,3.1,24457,2026,0,350.0,T6,Plugin Hybrid,AWD,Ny T6 Plus Dark Nordic Edition
LWA29Z,384900,397227,3.1,26783,2024,149150,349.0,T6,Plugin Hybrid,AWD,Recharge T6 Core Edition
JAB51G,539500,556775,3.1,20418,2023,46180,455.0,T8,Plugin Hybrid,AWD,Recharge T8 Ultimate Bright
EHM61X,479900,494930,3.0,14536,2024,59570,349.0,T6,Plugin Hybrid,AWD,Recharge T6 II Core Edition
GGJ617,294500,303555,3.0,7011,2018,137030,190.0,B4,Diesel,AWD,Inscription * SUPERDEAL * * SUPERDEAL *
TAD731,319500,329237,3.0,10469,2019,113600,190.0,D4,Diesel,AWD,D4 AWD Momentum SE DRAG/ELSTOL FÖRARE
DKC31A,344500,354957,2.9,20405,2023,168600,252.0,T6,Plugin Hybrid,AWD,Recharge T6 Core Edition
OHU234,309000,318322,2.9,9408,2019,126850,190.0,D4,Diesel,AWD,D4 AWD Momentum Advanced Edition
GRA058,159900,164714,2.9,-19526,2016,177300,190.0,B4,Diesel,FWD,
LMW82C,459500,473240,2.9,7809,2022,35220,341.0,T6,Plugin Hybrid,AWD,Recharge T6 Inscription Expr/ Nybesiktad/ Drag /
GWS46B,379500,390781,2.9,13686,2023,132220,252.0,T6,Plugin Hybrid,AWD,Recharge T6 Core Edition
GKM87K,414900,427181,2.9,4656,2022,81090,341.0,T6,Plugin Hybrid,AWD,Recharge T6 Inscription (SELEKT) DRAG
GJA03U,379900,391115,2.9,13562,2023,131890,252.0,T6,Plugin Hybrid,AWD,Recharge T6 Core Edition DRAG PANORAMA
DGP33X,469000,482785,2.9,11691,2023,42760,252.0,T6,Plugin Hybrid,AWD,Recharge T6 Core Edition
TEB540,199500,205350,2.8,-10282,2017,152050,190.0,D4,Diesel,FWD,D4 Classic Momentum
ODL14P,344900,354967,2.8,903,2021,131500,340.0,T6,Plugin Hybrid,AWD,Recharge T6 Inscription Expression/Panorama/AWD/Blis
WAB35K,439900,452602,2.8,8942,2023,72380,252.0,T6,Plugin Hybrid,AWD,Recharge T6 Core Edition
PCC64M,219900,226226,2.8,14918,2019,254790,190.0,D4,Diesel,AWD,D4 AWD Momentum 190hk Drag B-kamera Navi Värmare
JEM16F,729000,749880,2.8,3301,2026,2020,455.0,T8,Plugin Hybrid,AWD,T8 Plus Black Nordic Edition - Demo
EDC45J,459900,472665,2.7,9650,2023,52820,252.0,T6,Plugin Hybrid,AWD,Recharge T6 Core Edition
EWP03N,632900,650287,2.7,21457,2026,0,350.0,T6,Plugin Hybrid,AWD,"Ny T6 Plus Dark Nordic Edition, Lagerbil snabb leverans!"
CGS02D,639900,657422,2.7,15299,2025,8470,455.0,T8,Plugin Hybrid,AWD,"T8 Plus Dark 360, DRAG (SELEKT)"
WUN18G,324900,333598,2.6,21451,2021,124320,197.0,B4,Diesel,AWD,B4 AWD Diesel Momentum Adv SE 197hk Teknikpkt Navi H/K Drag
DXT13Y,624900,641226,2.5,22341,2026,6840,349.0,T6,Plugin Hybrid,AWD,"T6 Plus Dark Nordic Edition, Navigation, on call"
YNN641,239800,246049,2.5,12310,2017,120620,190.0,D4,Diesel,AWD,D4 AWD Classic Momentum
XEP04X,399500,409843,2.5,9792,2023,113580,252.0,T6,Plugin Hybrid,AWD,"Recharge T6 Core Edition, Motorstolspaket, Ljuspaket, Dragkrok halvautomatisk, P"
RCY47B,449000,460593,2.5,8188,2022,44600,252.0,T6,Plugin Hybrid,AWD,Recharge T6 AWD Inscr Expression//Kamera//Google//
OXS248,394900,405091,2.5,240,2021,78010,341.0,T6,Plugin Hybrid,AWD,Recharge T6 Inscription | Drag | Pano | BLIS
DBW51B,569900,584513,2.5,15289,2024,50120,455.0,T8,Plugin Hybrid,AWD,Recharge T8 Ultimate Dark
PLM264,219800,225428,2.5,4827,2017,154210,190.0,D4,Diesel,AWD,D4 AWD Classic Momentum DRAGKROK
NCT96M,409500,419713,2.4,10827,2023,103090,252.0,T6,Plugin Hybrid,AWD,Recharge T6 Core Edition | Drag | Nya sommardäck |
DJB09Z,629900,645426,2.4,18890,2026,4410,349.0,T6,Plugin Hybrid,AWD,T6 Plus Black Nordic Edition
JPZ15T,479900,491130,2.3,23921,2023,101020,455.0,T8,Plugin Hybrid,AWD,Recharge T8 Plus Bright
TDT51S,444900,455079,2.2,8967,2023,68950,252.0,T6,Plugin Hybrid,AWD,Recharge T6 Core Edition
WJE500,389500,398201,2.2,10208,2022,101160,197.0,B4,Mild Hybrid,AWD,B4 AWD Diesel Inscription | Läder | Klimatpaket | Nya Sommardäck |
TSL119,159900,163442,2.2,4283,2015,200810,329.0,T6,Petrol,AWD,
RCD11M,729000,744841,2.1,1532,2026,4610,455.0,T8,Plugin Hybrid,AWD,T8 Plus Dark Nordic Edition Luftfjädring Bowers Vent säten
ASF07J,459900,469698,2.1,6479,2023,55740,252.0,T6,Plugin Hybrid,AWD,Recharge T6 Core Bright
EKF96R,359000,366629,2.1,-2409,2021,118920,341.0,T6,Plugin Hybrid,AWD,Recharge T6 Inscription T
GZA36X,636900,650287,2.1,17457,2026,0,350.0,T6,Plugin Hybrid,AWD,Ny T6 Plus Dark Nordic Edition
RCN57A,529900,540889,2.0,15307,2023,59670,455.0,T8,Plugin Hybrid,AWD,"Recharge T8 Plus Dark, Dragkrok"
HFX78K,549900,561181,2.0,16312,2025,15380,349.0,T6,Plugin Hybrid,AWD,T6 Plus Dark Edition
WOJ70J,335800,342542,2.0,5079,2021,96630,197.0,B4,Mild Hybrid,FWD,B4 Diesel Momentum Advanced SE/Kamera/BLIS/Värmare
CLG84H,449900,458922,2.0,3373,2022,49000,341.0,T6,Plugin Hybrid,AWD,Recharge T6 Inscription Drag H/K 360Kamera Pano
KXS51A,459000,468113,1.9,7135,2022,36690,252.0,T6,Plugin Hybrid,AWD,Recharge T6 II Inscr Expression
XBJ349,239500,244185,1.9,10028,2017,123600,190.0,D4,Diesel,AWD,D4 AWD Classic Summum
TWK66P,489900,499462,1.9,14513,2022,76850,455.0,T8,Plugin Hybrid,AWD,"Recharge T8 II R-Design, H/K, 360 kamera, Dynamisk LED"
EDY75R,509900,519749,1.9,14161,2022,57360,391.0,T8,Plugin Hybrid,AWD,Recharge T8 R-Design
LAL20M,269900,275055,1.9,6321,2019,182000,190.0,D4,Diesel,AWD,D4 AWD Momentum Advanced SE
LBE941,339500,345919,1.9,13635,2019,127600,303.0,T8,Plugin Hybrid,FWD,Momentum T8
JRH68H,239000,243373,1.8,20422,2020,240390,190.0,D4,Diesel,AWD,R-Design D4
SEU642,229900,233912,1.7,5758,2017,140200,190.0,D4,Diesel,AWD,D4 AWD Classic Momentum
PHC24B,389000,395675,1.7,3313,2022,71400,341.0,T6,Plugin Hybrid,FWD,Recharge Inscription Expression T6
SRP40F,469900,477867,1.7,5312,2023,47670,252.0,T6,Plugin Hybrid,AWD,Recharge T6 Core Edition
ORB03Y,634700,644774,1.6,13352,2026,5000,349.0,T6,Plugin Hybrid,AWD,T6 Plus Dark Nordic Edition Demobil
UNE59W,309800,314629,1.5,-700,2020,153410,197.0,B4,Mild Hybrid,AWD,B4 AWD Diesel Momentum Advanced Edt(DRAGKROK/RATTVÄRME/ELLUCKA)
YKM61J,449900,456909,1.5,1096,2022,51070,341.0,T6,Plugin Hybrid,AWD,Recharge T6 R-Design
HDW00R,408000,413913,1.4,7176,2023,108700,252.0,T6,Plugin Hybrid,AWD,Recharge T6 Core Edition
BEZ888,368800,373910,1.4,15951,2018,46030,250.0,T5,Petrol,AWD,T5 II AWD Inscription
LWL92C,284900,288637,1.3,7041,2020,161250,250.0,T5,Petrol,AWD,T5 AWD Momentum Advanced SE II DRAG KAMERA
UTX89F,549500,556542,1.3,10195,2023,46380,455.0,T8,Plugin Hybrid,AWD,Recharge T8 Plus Dark | Dragkrok | 360 Kamera |
DDP02K,389800,394644,1.2,15176,2020,91010,391.0,T8,Plugin Hybrid,FWD,T8 TE Inscription /Dragkrok/
JEU292,289900,293491,1.2,-655,2018,146580,250.0,T5,Petrol,AWD,T5 II AWD Inscription
NJT33C,642600,650214,1.2,11708,2026,30,349.0,T6,Plugin Hybrid,AWD,T6 Plus Dark Nordic Edition
YHX935,199900,202004,1.0,-3928,2017,195020,190.0,D4,Diesel,AWD,Summum D4 Classic
XLG85K,643600,650160,1.0,10644,2026,80,349.0,T6,Plugin Hybrid,AWD,T6 Plus Dark Nordic Edition
JCB69Y,640500,646978,1.0,10059,2026,3000,349.0,T6,Plugin Hybrid,AWD,T6 Plus Black Nordic Edition Demobil/Drag/HUD/Harmankardon
YGP04Z,499900,504906,1.0,10441,2022,70370,391.0,T8,Plugin Hybrid,AWD,Recharge T8 Inscription
EWA81U,644900,650287,0.8,9457,2026,0,350.0,T6,Plugin Hybrid,AWD,Ny T6 Plus Dark Nordic Edition
HXW02B,644900,650287,0.8,9457,2026,0,350.0,T6,Plugin Hybrid,AWD,Ny T6 Plus Dark Nordic Edition
YOB501,259900,262056,0.8,-11919,2019,147160,250.0,T5,Petrol,FWD,T5 Momentum Edition
YJB21K,729000,734983,0.8,-7895,2026,12220,455.0,T8,Plugin Hybrid,AWD,T8 Ultra Dark -B&W/Luftfjädring!
WBJ69K,619000,623656,0.7,2866,2025,36440,455.0,T8,Plugin Hybrid,AWD,T8 Plus Dark B&O Luftchassi 21' vhjul
TDJ04P,499600,503194,0.7,3096,2024,51930,349.0,T6,Plugin Hybrid,AWD,Recharge T6 II Plus Bright
UDU63B,573800,577770,0.7,10006,2025,10,349.0,T6,Plugin Hybrid,AWD,T6 Core Edition
AKX64X,639800,643486,0.6,969,2025,20310,455.0,T8,Plugin Hybrid,AWD,T8 Ultra Bright Drag H/K Pano 360Kamera SELEKT
SRA10Y,429900,432363,0.6,1980,2023,90890,252.0,T6,Plugin Hybrid,AWD,Recharge T6 Core Edition
ZDT235,259900,261388,0.6,4912,2018,205550,190.0,D4,Diesel,AWD,D4 AWD Inscription IB 19' | Drag |
CBO983,479000,481671,0.6,10260,2022,92200,455.0,T8,Plugin Hybrid,AWD,Recharge T8 II R-Design
SHL04J,639800,642909,0.5,6156,2026,6680,349.0,T6,Plugin Hybrid,AWD,T6 Plus Dark Nordic Edition DEMOBIL
DLL16A,309800,311301,0.5,1037,2019,118000,250.0,T5,Petrol,AWD,T5 AWD Momentum Advanced SE DRAG
YML220,299900,301308,0.5,-3781,2019,92120,250.0,T5,Petrol,FWD,T5 Momentum Edition DRAGKROK
JBN47D,647600,650225,0.4,6720,2026,20,349.0,T6,Plugin Hybrid,AWD,T6 Plus Dark Nordic Edition
WKD37K,645700,648214,0.4,6282,2026,1870,349.0,T6,Plugin Hybrid,AWD,T6 Plus Dark Nordic Edition Demobil/HUD/Harmankardon/360 kamera
DDG431,189900,190626,0.4,9627,2014,141300,181.0,D4,Diesel,AWD,D4 AWD Momentum BE PRO II Drag Pano Nav Värmare
BBK32K,329900,331091,0.4,554,2021,109470,197.0,B4,Mild Hybrid,FWD,B4 Diesel Momentum Advanced SE
KUB81D,469500,471114,0.3,1055,2023,53260,252.0,T6,Plugin Hybrid,AWD,Recharge T6 Core Bright | Kamera | Drag | Ljuspaket |
BFU04D,459500,460504,0.2,-7136,2022,48480,341.0,T6,Plugin Hybrid,AWD,"Recharge T6 Inscription, Motorstolspaket, Loungepaket, Parkeringskamera 360, 20'"
AHC769,159900,160111,0.1,-6218,2014,206350,181.0,D4,Diesel,AWD,D4 AWD Summum BE VOC / Drag / Keyless / Skinn
LMF42A,369900,370348,0.1,-5103,2022,99350,341.0,T6,Plugin Hybrid,FWD,Recharge Inscription Expression T6
PHR007,469000,469494,0.1,-2837,2023,55940,252.0,T6,Plugin Hybrid,AWD,Recharge T6 Core Bright
BDY03E,439000,439451,0.1,14850,2022,129810,455.0,T8,Plugin Hybrid,AWD,Recharge T8 II R-Design
LLX93A,279500,279500,0.0,0,2020,155110,190.0,T4,Petrol,FWD,T4 Momentum Edition
PNO192,463400,462867,-0.1,30,2023,807740,252.0,T6,Plugin Hybrid,AWD,Recharge T6 Ultimate Dark
CHF636,314900,314500,-0.1,-774,2018,136440,190.0,D4,Diesel,AWD,D4 AWD Inscription LÄDER NAV KAMERA
RCC72G,640500,639534,-0.2,1725,2026,9690,349.0,T6,Plugin Hybrid,AWD,T6 Plus Black Nordic Edition Demobil / Värmare / Rattvärme/ Harman
FWA66B,639900,638639,-0.2,-3911,2025,24320,455.0,T8,Plugin Hybrid,AWD,T8 Ultra Dark B/W HUD Luftfj 360Kamera
RWR03D,634000,631083,-0.5,-5250,2025,30480,455.0,T8,Plugin Hybrid,AWD,T8 Ultra Black Edition
OTW02H,569100,566471,-0.5,406,2025,11470,349.0,T6,Plugin Hybrid,AWD,T6 Plus Dark Edition
MRA73E,559900,557151,-0.5,1573,2025,19300,349.0,T6,Plugin Hybrid,AWD,T6 Plus Dark Edition
OOD171,169900,169030,-0.5,-3408,2014,185900,163.0,D4,Diesel,AWD,D4 AWD aut Summum BE PRO 163hk Panorama Navi Drag BLIS
OFB50K,653900,650287,-0.6,457,2026,0,350.0,T6,Plugin Hybrid,AWD,Ny T6 Plus Dark Nordic Edition
KKJ01X,529900,526961,-0.6,-1699,2024,29380,349.0,T6,Plugin Hybrid,AWD,Recharge T6 Plus Bright Edition.
MCW85K,509800,506915,-0.6,6503,2023,87950,455.0,T8,Plugin Hybrid,AWD,Recharge T8 Ultimate Dark
ZBM688,209900,208646,-0.6,3444,2018,274510,250.0,T5,Petrol,AWD,T5 II AWD Inscription
HZP00F,309900,308014,-0.6,8938,2019,171570,303.0,T8,Plugin Hybrid,FWD,T8 TE Inscription B&O
WBF86T,486900,483906,-0.6,-3080,2024,69660,349.0,T6,Plugin Hybrid,AWD,Recharge T6 II Plus Bright | Drag | Läder
PKN34R,559500,555928,-0.6,557,2025,20480,349.0,T6,Plugin Hybrid,AWD,T6 Plus Bright Edition |Drag |360° |Läder |Elstol |Panorama
LZU74P,469500,465688,-0.8,12944,2023,123160,455.0,T8,Plugin Hybrid,AWD,Recharge T8 Ultimate Dark | Parkeringskamera 360 | Dragkrok | Aktiv Luftfjädrin
WPH407,359900,356885,-0.8,-10619,2018,121620,235.0,D5,Diesel,AWD,D5 AWD R-Design UB 19'
FZS56S,559500,554793,-0.8,-747,2025,21570,349.0,T6,Plugin Hybrid,AWD,T6 Plus Bright Edition
JBF85E,649000,643197,-0.9,-8519,2025,20550,455.0,T8,Plugin Hybrid,AWD,T8 Ultra Dark - FULLUTRUSTAD!
BJA12K,349900,346569,-1.0,8721,2023,177490,252.0,T6,Plugin Hybrid,AWD,Recharge T6 Core Edition
AJZ62T,389800,385861,-1.0,-11108,2022,123430,341.0,T6,Plugin Hybrid,AWD,Recharge T6 Inscription Runningboards HUD Massage 360 Drag
TDR66U,344500,340814,-1.1,-2454,2022,168510,252.0,T6,Plugin Hybrid,AWD,Recharge T6 II Inscr Expression
GSW01N,569900,563661,-1.1,-713,2025,12940,349.0,T6,Plugin Hybrid,AWD,T6 Plus Dark Edition
PLU848,249500,246739,-1.1,3570,2017,119520,190.0,D4,Diesel,AWD,D4 AWD Classic Summum
MFK85N,529500,523555,-1.1,-5137,2024,32680,349.0,T6,Plugin Hybrid,AWD,"Recharge T6 II Plus Bright Edition, Dragkrok Halvautomatisk, Parkeringskamera Ba"
JGP15K,529500,523431,-1.2,-5276,2024,32800,349.0,T6,Plugin Hybrid,AWD,"Recharge T6 II Plus Bright Edition. Dragkrok, Panormaglastak,Parkeringkamera bak"
ZLK02S,344900,340800,-1.2,-7009,2021,90800,250.0,B5,Mild Hybrid,FWD,B5 Bensin Momentum Advanced SE HÖGSPEC
YRJ376,249800,246814,-1.2,3375,2017,119400,190.0,D4,Diesel,AWD,D4 AWD Classic Summum PRO PKT DRAG
GJY634,259000,255830,-1.2,1079,2018,213500,190.0,D4,Diesel,AWD,Inscription D4
TTW03B,569000,562015,-1.2,-4843,2025,15850,349.0,T6,Plugin Hybrid,AWD,T6 Plus Dark Edition
KCU26E,569100,561793,-1.3,-2158,2025,14780,349.0,T6,Plugin Hybrid,AWD,T6 Plus Dark Edition
LLZ74Z,529500,522362,-1.4,-6466,2024,33830,349.0,T6,Plugin Hybrid,AWD,Recharge T6 II Plus Bright | Parkeringskamera 360 | Dragkrok | Harman Kardon |
YRN70R,569600,561670,-1.4,-2804,2025,14900,349.0,T6,Plugin Hybrid,AWD,T6 Plus Dark Edition
EGT46A,759900,749282,-1.4,-24954,2026,1100,455.0,T8,Plugin Hybrid,AWD,T8 Ultra Bright
NUG283,239900,236412,-1.5,11437,2016,124730,220.0,D5,Diesel,AWD,D5 AWD Summum Business Edition PRO SE SPEC!
RCD72A,659900,650287,-1.5,-5543,2026,0,350.0,T6,Plugin Hybrid,AWD,Ny T6 Plus Dark Nordic Edition
SEP04N,559500,551288,-1.5,-7656,2025,26140,349.0,T6,Plugin Hybrid,AWD,T6 Plus Dark Edition Drag 360-Kamera
RWB33M,759900,748427,-1.5,-25812,2026,1780,455.0,T8,Plugin Hybrid,AWD,T8 Plus Dark Nordic Edition FULLUTRUSTAD
ZUE067,479900,472379,-1.6,9733,2023,116630,455.0,T8,Plugin Hybrid,AWD,Recharge T8 Ultimate Bright
GGT84F,569500,560526,-1.6,-4065,2025,16020,349.0,T6,Plugin Hybrid,AWD,T6 Plus Bright Edition |Drag |360° |Läder |Elstol |Panorama
YRP70J,574500,565266,-1.6,-3363,2025,11350,349.0,T6,Plugin Hybrid,AWD,T6 Plus Bright Edition |Drag |360° |Läder |Elstol |Panorama
PCU17F,514900,506512,-1.7,-8809,2024,48840,349.0,T6,Plugin Hybrid,AWD,Recharge T6 II Plus Dark Edition (SELEKT)
SDW04G,569100,559706,-1.7,-4635,2025,16820,349.0,T6,Plugin Hybrid,AWD,T6 Plus Dark Edition
XEP02H,414500,407558,-1.7,6463,2020,76360,391.0,T8,Plugin Hybrid,FWD,T8 TE Inscription |Drag |360° |H&K |Läder |Navi |Elstol |Mörkton |Panorama
YNA346,219900,216192,-1.7,-6877,2017,169870,190.0,D4,Diesel,AWD,D4 AWD Classic R-Design 190hk Pano Navi BLIS Bkam
RFU76N,679900,667996,-1.8,-16259,2025,550,456.0,T8,Plugin Hybrid,AWD,
FBN86R,469000,460782,-1.8,-9322,2023,63400,252.0,T6,Plugin Hybrid,AWD,Recharge T6 Plus Bright
GOM29P,659900,648259,-1.8,-14309,2025,16310,455.0,T8,Plugin Hybrid,AWD,T8 Ultra Black Edition | Pannorama | Harman Kardon |
LGL00F,529500,520091,-1.8,-8973,2024,36010,349.0,T6,Plugin Hybrid,AWD,Recharge T6 II Plus Bright | Parkeringskamera 360 | Dragkrok | Harman Kardon |
HZG80K,355500,349120,-1.8,6253,2020,139670,391.0,T8,Plugin Hybrid,FWD,T8 TE R-Design
WRO510,349000,342696,-1.8,-14195,2021,145000,341.0,T6,Plugin Hybrid,AWD,Recharge T6 R-Design DRAG/ELSTOLAR/H&K
HZW287,294800,289416,-1.9,-5167,2019,163070,190.0,D4,Diesel,AWD,D4 AWD Inscription LÄDER DRAG B-KAM
YEN69R,549500,539444,-1.9,-7638,2025,36000,349.0,T6,Plugin Hybrid,AWD,"T6 Plus Dark Edition, Parkeringskamera Bak, HarmanKardon PremiumSound, Baklucka"
JLU60F,379900,372936,-1.9,-14989,2021,111230,341.0,T6,Plugin Hybrid,AWD,Recharge T6 R-Design T PANO DRAG H/K
UAH69X,449500,441245,-1.9,-9228,2023,82330,252.0,T6,Plugin Hybrid,AWD,Recharge T6 Plus Bright
HET98K,398000,390604,-1.9,10777,2021,110080,391.0,T8,Plugin Hybrid,FWD,Recharge R-Design T8
RBT20H,569500,558864,-1.9,-6026,2025,17640,349.0,T6,Plugin Hybrid,AWD,T6 Plus Bright Edition |Drag |360° |Läder |Elstol |Panorama
JTU601,395500,388080,-1.9,-10434,2020,69150,197.0,B4,Mild Hybrid,AWD,B4 AWD Diesel R-Design
CHC05E,439058,430792,-1.9,2111,2021,37510,197.0,B4,Mild Hybrid,AWD,B4 AWD Diesel Inscription
RKS090,264000,259029,-1.9,6698,2017,100060,190.0,D4,Diesel,AWD,D4 AWD Classic R-Design 2-brukare / Panorama / Backkamera
YBJ08K,559900,548728,-2.0,-7984,2025,27340,349.0,T6,Plugin Hybrid,AWD,T6 Plus Dark Edition
UCR03F,529500,518930,-2.0,-10243,2024,37120,349.0,T6,Plugin Hybrid,AWD,"Recharge T6 II Plus Bright Edition. Drag Krok, Panoramaglastak"
YNP69J,524500,513910,-2.1,-10657,2024,41890,349.0,T6,Plugin Hybrid,AWD,Recharge T6 II Plus Bright Edition. Drag. Panorama. Tonade rutor
YLF594,249900,244785,-2.1,456,2017,122640,190.0,D4,Diesel,AWD,D4 AWD Classic Summum
FUH010,299500,293356,-2.1,-5915,2018,162780,190.0,D4,Diesel,AWD,D4 AWD R-Design | Navigation | Dragkrok |
YOX177,239500,234473,-2.1,-6096,2017,100300,190.0,D4,Diesel,FWD,D4 Classic Summum
OTU60W,389800,381510,-2.2,8262,2024,165200,349.0,T6,Plugin Hybrid,AWD,Recharge T6 Core Bright (Drag/360/Pano)
XXN32L,574500,562200,-2.2,-10125,2025,15670,349.0,T6,Plugin Hybrid,AWD,T6 Plus Dark Nordic Edition
TTP05F,759900,743550,-2.2,-30630,2026,5620,455.0,T8,Plugin Hybrid,AWD,T8 Plus Black Nordic Edition FULLUTRUSTAD
PRB24S,664100,649618,-2.2,-10489,2026,580,349.0,T6,Plugin Hybrid,AWD,T6 Plus Dark Nordic Edition
EGK07J,529500,517903,-2.2,-11362,2024,38100,349.0,T6,Plugin Hybrid,AWD,"Recharge T6 II Plus Bright Edition. Dragkrok, Panoramaglastak, Parkeringkamera b"
YJR05Z,499900,488835,-2.3,-11387,2024,65160,349.0,T6,Plugin Hybrid,AWD,Recharge T6 II Plus Bright | Pano | Läder
DKW46A,329900,322456,-2.3,-1317,2020,117920,250.0,T5,Petrol,AWD,Momentum T5 Advanced
LMC10H,384000,375238,-2.3,-13637,2022,132100,252.0,T6,Plugin Hybrid,AWD,Recharge T6 II Inscr Expression
URB29L,664000,648607,-2.4,-11564,2026,1510,349.0,T6,Plugin Hybrid,AWD,T6 Plus Dark Nordic Edition Demobil/Drag/360kamera/Harmankardon
JAW14B,529500,517147,-2.4,-12181,2024,38820,349.0,T6,Plugin Hybrid,AWD,"Recharge T6 II Plus Bright Edition.Dragkrok halvautomatisk, Parkeringskamera bak"
CBN13F,399900,390515,-2.4,-17546,2021,92500,341.0,T6,Plugin Hybrid,AWD,Recharge T6 R-Design / Teknikpaket (SELEKT)
GKK17L,389000,379706,-2.4,-17489,2021,104000,341.0,T6,Plugin Hybrid,AWD,Recharge T6 AWD Inscription//Nav.//Kamera//
OFS394,209900,204873,-2.5,-8142,2017,142950,149.0,D3,Diesel,FWD,D3 Classic Momentum
BKP09N,574500,560629,-2.5,-8944,2025,15920,349.0,T6,Plugin Hybrid,AWD,"T6 Plus Dark Edition Momsbil, Läder, Panoramaglastak"
ZSP16N,519500,506876,-2.5,-13033,2024,48500,349.0,T6,Plugin Hybrid,AWD,"Recharge T6 II Plus Bright Edition, Dragkrok Halvautomatisk, Parkeringskamera Ba"
RBK33A,659000,642849,-2.5,-18866,2025,20840,455.0,T8,Plugin Hybrid,AWD,T8 Ultra Black Edition
YWA93M,666900,650287,-2.6,-12543,2026,0,350.0,T6,Plugin Hybrid,AWD,Ny T6 Plus Dark Nordic Edition
UBS08B,569100,554839,-2.6,-13262,2025,22770,349.0,T6,Plugin Hybrid,AWD,T6 Plus Dark Edition
JJR03N,569500,555023,-2.6,-10484,2025,21350,349.0,T6,Plugin Hybrid,AWD,T6 Plus Dark Edition
BAP92X,662800,645327,-2.7,-14123,2026,4500,349.0,T6,Plugin Hybrid,AWD,T6 Plus Bright Nordic Edition - Demobil
YEN06U,579500,564005,-2.7,-9896,2025,12600,349.0,T6,Plugin Hybrid,AWD,T6 Plus Dark Edition |Drag |360° |Läder |Elstol |Panorama
PSO180,499900,486495,-2.8,-12189,2023,37870,252.0,T6,Plugin Hybrid,AWD,Recharge T6 Plus Bright
HSM31G,569400,554084,-2.8,-11459,2025,22250,349.0,T6,Plugin Hybrid,AWD,T6 Plus Dark Edition
FJP18G,529500,514998,-2.8,-14494,2024,40860,349.0,T6,Plugin Hybrid,AWD,"Recharge T6 II Plus Bright Edition. Drag Krok, Panoramaglastak, parkeringkamera"
ANM27R,659000,640919,-2.8,-20777,2025,22440,455.0,T8,Plugin Hybrid,AWD,T8 Ultra Black Edition
DLP06K,529500,514903,-2.8,-14596,2024,40950,349.0,T6,Plugin Hybrid,AWD,"Recharge T6 II Plus Bright Edition. Dragkrok, Parkeringkamera bak, panoramaglast"
NWP32E,529500,514819,-2.9,-14686,2024,41030,349.0,T6,Plugin Hybrid,AWD,"Recharge T6 II Plus Bright Edition, Driver Awareness, Panoramaglastak, Läderkläd"
AHM14D,429000,416937,-2.9,-13607,2022,74790,250.0,B5,Mild Hybrid,AWD,B5 AWD Bensin Inscription *Drag/Ljuspak/Pano*
EWP62D,569500,553415,-2.9,-12321,2025,22890,349.0,T6,Plugin Hybrid,AWD,T6 Plus Dark Edition
JAW20F,519500,504742,-2.9,-15226,2024,50490,349.0,T6,Plugin Hybrid,AWD,Recharge T6 II Plus Bright
LOH11A,499900,485197,-3.0,-18779,2023,43330,350.0,T6,Plugin Hybrid,AWD,
NEP03N,524500,508917,-3.1,-15917,2024,46590,349.0,T6,Plugin Hybrid,AWD,"Recharge T6 II Plus Bright Edition, Dragkrok Halvautomatisk, Parkeringskamera Ba"
AYM27Z,579000,561538,-3.1,-12363,2025,15030,349.0,T6,Plugin Hybrid,AWD,T6 Ultra Bright
PDS510,229500,222567,-3.1,-8511,2017,159010,190.0,D4,Diesel,AWD,D4 AWD Classic R-Design
TBK98U,539900,523431,-3.1,-15676,2024,32800,349.0,T6,Plugin Hybrid,AWD,Recharge T6 Plus Dark Edition.
CBN50T,519900,503840,-3.2,-16547,2024,51330,349.0,T6,Plugin Hybrid,AWD,Recharge T6 II Ultimate Dark
BJA81S,519500,503334,-3.2,-16662,2024,51800,349.0,T6,Plugin Hybrid,AWD,Recharge T6 II Plus Bright Edition.
ERA78T,579500,561466,-3.2,-12948,2025,15100,349.0,T6,Plugin Hybrid,AWD,T6 Plus Dark Edition | Dragkrok | 360 Kamera |
SFP04A,524500,507934,-3.3,-16938,2024,47510,349.0,T6,Plugin Hybrid,AWD,"Recharge T6 II Plus Bright Edition, Dragkrok Halvautomatisk, Parkeringskamera Ba"
ZRA63S,569000,550599,-3.3,-14999,2025,25570,349.0,T6,Plugin Hybrid,AWD,T6 Plus Dark Edition
ADU28D,529500,512353,-3.3,-17310,2024,43360,349.0,T6,Plugin Hybrid,AWD,Recharge T6 II Plus Bright
NCH42T,399900,386903,-3.4,-21214,2021,96340,341.0,T6,Plugin Hybrid,AWD,"Recharge T6 Inscription T, Taklucka, Navigation, Dragkrok"
TUU04Y,399900,386873,-3.4,-9920,2023,136090,252.0,T6,Plugin Hybrid,AWD,Recharge T6 Plus Bright
PDN55S,579500,560516,-3.4,-14078,2025,16030,349.0,T6,Plugin Hybrid,AWD,T6 Plus Dark Edition | 360° | Dragkrok |
ACX81T,679500,657235,-3.4,-27666,2025,10000,456.0,T8,Plugin Hybrid,AWD,T8 Ultra Bright
LJB00T,579500,560373,-3.4,-14247,2025,16170,349.0,T6,Plugin Hybrid,AWD,T6 Plus Dark Edition
PSR33H,339000,327759,-3.4,-22292,2020,131400,250.0,B5,Mild Hybrid,AWD,Momentum B5 MH Bensin
OTT23W,574500,555335,-3.5,-15126,2025,21050,349.0,T6,Plugin Hybrid,AWD,"T6 Plus Dark Edition Momsbil, Läder, Panoramaglastak"
MMJ21X,649500,627829,-3.5,-26637,2025,34280,455.0,T8,Plugin Hybrid,AWD,T8 Ultra Dark | B&W | Massage | Drag | Luftfjädring | HUD
NCS02R,449900,434824,-3.5,-18158,2023,89500,252.0,T6,Plugin Hybrid,AWD,Recharge T6 Plus Bright (SELEKT)
ZCW02X,289800,280053,-3.5,-5911,2021,220100,341.0,T6,Plugin Hybrid,AWD,Recharge T6 R-Design/Harman/VOC/Navigation
RLL954,239000,230897,-3.5,-7906,2018,235910,254.0,T5,Petrol,AWD,T5 AWD Business Advanced
PEU43D,369500,356967,-3.5,-20184,2020,96530,250.0,B5,Mild Hybrid,AWD,B5 AWD Bensin Momentum SEIII
XYU31D,419900,405639,-3.5,21667,2023,175510,455.0,T8,Plugin Hybrid,AWD,Recharge T8 Ultimate Dark
FOU151,209900,202771,-3.5,353,2016,149250,190.0,D4,Diesel,AWD,D4 AWD aut Ocean Race BE 190hk Drag P-värm Backkamera BLIS
LEN37J,519900,502171,-3.5,-20913,2024,53970,349.0,T6,Plugin Hybrid,AWD,Recharge T6 Plus Dark Edition.
ATK843,379900,366662,-3.6,-6018,2023,156460,252.0,T6,Plugin Hybrid,AWD,Recharge T6 Plus Dark
DCA44D,399900,385953,-3.6,-22171,2021,97350,341.0,T6,Plugin Hybrid,AWD,"Recharge T6 Inscription, Teknikpaket, Ljuspaket, Dynamisk LED"
SDT67B,569500,549490,-3.6,-16737,2025,26620,349.0,T6,Plugin Hybrid,AWD,T6 Plus Dark Edition | 360° | Dragkrok |
PBT44B,404500,390105,-3.7,-14457,2020,65800,197.0,B4,Mild Hybrid,AWD,"B4 AWD Diesel Inscription, Parkeringskamera bak, Navigation"
WAA51S,519500,500994,-3.7,-17268,2023,24110,252.0,T6,Plugin Hybrid,AWD,Recharge T6 Plus Dark
HRK78E,419100,404119,-3.7,-12436,2023,118220,252.0,T6,Plugin Hybrid,AWD,Recharge T6 Plus Bright
YLR212,339900,327571,-3.8,-19640,2019,150560,235.0,D5,Diesel,AWD,D5 AWD R-Design TEKNIKPKT PRO DRAG LOUNGEPKT
JBF85R,579500,558452,-3.8,-16509,2025,18040,349.0,T6,Plugin Hybrid,AWD,T6 Plus Dark Edition | 360° | Dragkrok |
UDN90T,579500,558400,-3.8,-16570,2025,18090,349.0,T6,Plugin Hybrid,AWD,T6 Plus Dark Edition | Dragkrok | 360° | Läder |
TLP52A,579500,558277,-3.8,-16714,2025,18210,349.0,T6,Plugin Hybrid,AWD,T6 Plus Dark Edition
JUS70G,479500,461731,-3.8,-23013,2022,46100,341.0,T6,Plugin Hybrid,AWD,Recharge T6 R-Design
CNR23C,569500,548293,-3.9,-18066,2025,27750,349.0,T6,Plugin Hybrid,AWD,T6 Plus Dark Edition |Drag |360° |Läder |Elstol |Panorama
GDN30K,579500,557843,-3.9,-17221,2025,18630,349.0,T6,Plugin Hybrid,AWD,T6 Plus Dark Edition
DOR02X,579500,557802,-3.9,-17269,2025,18670,349.0,T6,Plugin Hybrid,AWD,T6 Plus Dark Edition
LRM37X,589000,566758,-3.9,-21641,2024,65330,455.0,T8,Plugin Hybrid,AWD,Recharge T8 Ultimate Dark
MEM02X,514900,495212,-4.0,-20186,2024,59310,349.0,T6,Plugin Hybrid,AWD,Recharge T6 II Plus Dark Edition.
OAN23F,569900,547815,-4.0,-18994,2025,28200,349.0,T6,Plugin Hybrid,AWD,"XC60 Plus, T6 AWD Laddhybrid, El-/Bensin, Bright"
BZL93D,559500,537545,-4.1,-19639,2025,37750,349.0,T6,Plugin Hybrid,AWD,T6 Plus Dark Edition
RJA455,414900,398550,-4.1,-22593,2022,109710,341.0,T6,Plugin Hybrid,AWD,Recharge T6 R-Design HÖGSPEC
NAT825,269900,259244,-4.1,-13859,2018,192870,250.0,T5,Petrol,AWD,T5 II AWD Inscription
KOB09U,339500,325887,-4.2,-24634,2020,133610,250.0,B5,Mild Hybrid,AWD,B5 AWD Bensin Mom Adv SEIII | Dragkrok | 360 kamera | Navigation |
YTN674,344500,330641,-4.2,-6421,2019,51340,250.0,T5,Petrol,FWD,T5 Momentum Advanced SE
ACT82Z,559000,536129,-4.3,-20619,2025,39050,349.0,T6,Plugin Hybrid,AWD,T6 Ultra Dark
TAR987,499900,479412,-4.3,-20246,2023,45010,252.0,T6,Plugin Hybrid,AWD,Recharge T6 Plus Bright
FXL46D,619900,594417,-4.3,-25774,2024,42090,455.0,T8,Plugin Hybrid,AWD,"Recharge T8 II Ultimate Black Edt, Dragkrok, on call, Taklucka, Navigation"
YHB791,239900,230023,-4.3,-13071,2017,180120,220.0,D5,Diesel,AWD,D5 AWD Classic R-Design
CCK50G,519500,498055,-4.3,-21973,2024,56690,349.0,T6,Plugin Hybrid,AWD,"Recharge T6 II Plus Bright Edition, Dragkrok Halvautomatisk, Parkeringskamera Ba"
RBD12C,519500,497968,-4.3,-22059,2024,56770,349.0,T6,Plugin Hybrid,AWD,"Recharge T6 II Plus Bright Edition, Dragkrok Halvautomatisk, Parkeringskamera Ba"
OPU25E,499000,478127,-4.4,-11581,2023,29850,250.0,B5,Mild Hybrid,AWD,Plus B5 Bensin
BJM12W,569500,545588,-4.4,-21037,2025,30290,349.0,T6,Plugin Hybrid,AWD,T6 Plus Dark Edition
KGS80K,459900,440476,-4.4,-16671,2024,109970,349.0,T6,Plugin Hybrid,AWD,Recharge T6 Plus Dark Edition.
HOO821,339900,324648,-4.7,-17908,2022,136010,250.0,B5,Mild Hybrid,FWD,B5 Bensin Momentum Advanced Edt II | Drag |
UJA38F,489000,466869,-4.7,-20800,2024,85120,349.0,T6,Plugin Hybrid,AWD,Recharge T6 AWD Plus Dark/Drag/360-kamera/
AFS27T,469000,447730,-4.8,-22440,2023,76070,252.0,T6,Plugin Hybrid,AWD,Recharge T6 Plus Bright
OEM60G,669000,638578,-4.8,-33071,2025,24370,455.0,T8,Plugin Hybrid,AWD,T8 Ultra Black Luftfjd B&W Drag
BZB350,199000,189836,-4.8,-7078,2016,173940,190.0,D4,Diesel,AWD,D4 AWD Ocean Race Business E PRO/Läder/Värmare/Panorama
RAD78M,459500,438328,-4.8,-25929,2023,88720,350.0,T6,Plugin Hybrid,AWD,Recharge T6 Plus Bright
LEW03H,782800,746728,-4.8,-53614,2026,4500,455.0,T8,Plugin Hybrid,AWD,T8 Plus Dark Nordic Edition - Demobil
WRY74E,479800,457468,-4.9,-26086,2023,67670,252.0,T6,Plugin Hybrid,AWD,Recharge T6 Plus Bright
WCH14Z,675900,644364,-4.9,-28311,2026,5370,349.0,T6,Plugin Hybrid,AWD,T6 Plus Dark Nordic Edition Demobil / HUD/Dragkrok/22 tum/ Skärmbreddare
UJA03T,509900,486091,-4.9,-22656,2023,38280,252.0,T6,Plugin Hybrid,AWD,"Recharge T6 Plus Bright, Taklucka, on call"
MLP01G,379800,361901,-4.9,-27630,2021,124010,341.0,T6,Plugin Hybrid,AWD,Recharge T6 R-Design T/Loungepaket/360 Kamera/Drag
RAJ780,519900,495344,-5.0,-24584,2023,29990,252.0,T6,Plugin Hybrid,AWD,Recharge T6 Plus Bright
GUS27R,379900,361681,-5.0,-20980,2022,146180,252.0,T6,Plugin Hybrid,AWD,Recharge T6 II Inscr Expression
TMR76L,509900,485333,-5.1,-17629,2021,61510,405.0,T8,Plugin Hybrid,AWD,
CBG43Y,449900,427745,-5.2,-22290,2023,95340,252.0,T6,Plugin Hybrid,AWD,Recharge T6 Plus Bright
UCW07G,359800,341605,-5.3,-25954,2021,146210,341.0,T6,Plugin Hybrid,AWD,Recharge T6 R-Design
UPE42F,499000,473630,-5.4,-25722,2023,50770,252.0,T6,Plugin Hybrid,AWD,Recharge T6 Plus Dark
SEF88M,649500,616360,-5.4,-37148,2024,25020,455.0,T8,Plugin Hybrid,AWD,Recharge T8 II Ultimate Black Edt * SUPERDEAL * * SUPERDEAL *
CGG75J,434000,411590,-5.4,-28369,2022,94350,252.0,T6,Plugin Hybrid,AWD,Recharge T6 II Inscription/Kamera/Sensorer/VOC
WBJ42P,674500,639598,-5.5,-37574,2025,23530,455.0,T8,Plugin Hybrid,AWD,T8 Ultra Dark | Bowers & Wilkins| Glastak | Drag |
RAE76G,509900,482545,-5.7,-29479,2023,43000,252.0,T6,Plugin Hybrid,AWD,Recharge T6 Plus Dark
RSM636,229900,217556,-5.7,-22892,2017,130000,190.0,D4,Diesel,FWD,D4 Classic Summum
NNU929,309900,292979,-5.8,-16670,2018,163260,190.0,D4,Diesel,AWD,D4 AWD Inscription IB 19'
AJB02Z,669000,632367,-5.8,-39037,2025,29440,455.0,T8,Plugin Hybrid,AWD,T8 Ultra Dark
HCL94K,779900,737185,-5.8,-56731,2026,10540,455.0,T8,Plugin Hybrid,AWD,T8 Polestar Engineered HÖGSPEC
ABN81M,499500,471971,-5.8,-26714,2024,80500,349.0,T6,Plugin Hybrid,AWD,"Recharge T6 Plus Dark Edition. Dragkrok, Panoramaglastak, Parkeringskamera bak"
RRB04D,579500,547166,-5.9,-29309,2025,28810,349.0,T6,Plugin Hybrid,AWD,T6 Plus Dark Edition
YNU823,289900,273717,-5.9,-20261,2018,172840,254.0,T5,Petrol,AWD,T5 AWD Inscription
YFM61D,359000,338652,-6.0,-27737,2021,149500,341.0,T6,Plugin Hybrid,AWD,Recharge T6 R-Design T
ACK28J,599000,564530,-6.1,-28759,2025,12080,349.0,T6,Plugin Hybrid,AWD,T6 Ultra Dark HÖGSPEC (SELEKT)
AWW173,479000,451267,-6.1,-31479,2023,73670,252.0,T6,Plugin Hybrid,AWD,Recharge T6 Ultimate Bright - Drag / 360 Kamera
RKH16B,469900,442624,-6.2,-28302,2023,81000,252.0,T6,Plugin Hybrid,AWD,Recharge T6 Plus Bright DRAG (SELEKT)
RBK098,344500,324130,-6.3,-19992,2019,119780,190.0,D4,Diesel,AWD,D4 AWD Inscription /Kamera/GPS/Drag
YOA92Z,469000,441251,-6.3,-31195,2023,83320,252.0,T6,Plugin Hybrid,AWD,Recharge T6 Plus Bright
SKL719,379500,356778,-6.4,-12435,2019,67000,250.0,T6,Petrol,AWD,R-Design Drag Polestar
LOZ09P,434000,407671,-6.5,-24276,2023,114760,252.0,T6,Plugin Hybrid,AWD,Recharge T6 Plus Bright/Google/Akustik rutor/Läder/Panorma/Drag
JRA08F,479900,450166,-6.6,-35100,2023,77400,350.0,T6,Plugin Hybrid,AWD,Recharge T6 AWD Inscription Pano 360°K Drag H&K
JBM92G,688800,645889,-6.6,-39484,2026,3990,349.0,T6,Plugin Hybrid,AWD,T6 Plus Dark Nordic Edition DEMOBIL
WBY70R,709900,664907,-6.8,-46466,2025,1880,455.0,T8,Plugin Hybrid,AWD,T8 Ultra Dark
OUR02M,674000,630996,-6.8,-45332,2025,30550,455.0,T8,Plugin Hybrid,AWD,T8 Ultra Dark /Navi/ 360 Kamera/ Drag/ AWD
UUJ09S,689900,645690,-6.8,-46919,2025,18470,455.0,T8,Plugin Hybrid,AWD,T8 Ultra Black Edition
EZM07M,689900,645439,-6.9,-47172,2025,18680,455.0,T8,Plugin Hybrid,AWD,T8 Ultra Dark
FMC248,299500,280106,-6.9,-18163,2018,179980,190.0,D4,Diesel,AWD,"D4 AWD R-Design UC 21', Drag, 360 Kamera"
YLW365,284500,265966,-7.0,-22722,2019,178680,250.0,T5,Petrol,AWD,T5 AWD R-Design
JUW49T,489900,457934,-7.0,-18556,2022,70800,391.0,T8,Plugin Hybrid,FWD,Recharge R-Design T8
JXO609,429900,401774,-7.0,-15090,2020,82490,391.0,T8,Plugin Hybrid,FWD,R-Design T8 TE
YBE19C,499900,467161,-7.0,-37072,2022,40450,341.0,T6,Plugin Hybrid,AWD,Recharge T6 R-Design
FPT56T,789900,737968,-7.0,-65991,2026,9940,455.0,T8,Plugin Hybrid,AWD,"T8 Polestar Engineered, Drag, 22' Hjul, Bowers&Wilkins, Akustikrutor"
KLZ29F,509500,475925,-7.1,-33711,2023,48490,252.0,T6,Plugin Hybrid,AWD,Recharge T6 Plus Dark |Drag |Kamera |Läder |Elstol |Panorama
PLU36A,429900,401276,-7.1,-17122,2023,113570,197.0,B4,Mild Hybrid,AWD,B4 AWD Diesel Ultimate Bright
KMR445,243000,226795,-7.1,-6220,2018,258700,190.0,D4,Diesel,AWD,R-Design D4
JBO672,479000,446902,-7.2,-33250,2023,76870,252.0,T6,Plugin Hybrid,AWD,Recharge T6 Plus Dark//Dragkrok//Dynamisk LED//
YPY428,258900,241460,-7.2,2619,2017,76960,149.0,D3,Diesel,FWD,D3 Classic Kinetic Edition
LFU76A,679000,633198,-7.2,-51164,2025,30000,456.0,T8,Plugin Hybrid,AWD,T8 Ultra Bright
EJR75S,494500,460990,-7.3,-24789,2023,46700,250.0,B5,Mild Hybrid,AWD,Plus B5 Bensin
DTM34L,659200,614330,-7.3,-39907,2026,30030,349.0,T6,Plugin Hybrid,AWD,T6 Plus Dark Nordic Edition Demobil/Drag/HUD/Harman/360 kamera
FCP12D,589900,549088,-7.4,-37585,2025,27000,349.0,T6,Plugin Hybrid,AWD,T6 Ultra Bright
DZP03F,689900,641921,-7.5,-50687,2025,21610,455.0,T8,Plugin Hybrid,AWD,"T8 Ultra Dark Edition, Dragkrok, Navigation, on call, Taklucka"
RZT063,429500,399430,-7.5,-40361,2021,84020,341.0,T6,Plugin Hybrid,AWD,Recharge T6 R-Design T | 360° | Dragkrok | H&K |
UWA383,539000,501087,-7.6,-27180,2024,43200,197.0,B4,Mild Hybrid,AWD,B4 AWD Diesel Plus Dark
DDB54D,510000,474101,-7.6,-26956,2022,98730,455.0,T8,Plugin Hybrid,AWD,Recharge T8 II R-Des ProEdition III
PZZ54M,689000,640408,-7.6,-45850,2026,8950,350.0,T6,Plugin Hybrid,AWD,T6 Plus Dark Nordic Edition
SWE96Y,419500,389656,-7.7,-29312,2022,102180,250.0,B5,Mild Hybrid,AWD,B5 AWD Bensin Inscription
BAR036,534900,496635,-7.7,-38783,2024,58000,349.0,T6,Plugin Hybrid,AWD,Recharge T6 Plus Dark Edition.
DTB23H,489000,453967,-7.7,-36252,2023,70030,252.0,T6,Plugin Hybrid,AWD,Recharge T6 Plus Bright
WBT09X,619900,575292,-7.8,-36090,2025,1180,349.0,T6,Plugin Hybrid,AWD,T6 Plus Dark Edition
GKA46F,329900,305792,-7.9,-28831,2020,164100,197.0,B4,Mild Hybrid,AWD,B4 AWD Diesel R-Design
RAA83A,509000,471761,-7.9,-37747,2023,52620,252.0,T6,Plugin Hybrid,AWD,Recharge T6 Plus Dark Läder/Backkamera/Panorama/Värmare
PJL655,409900,379371,-8.0,-30736,2021,95350,197.0,B4,Mild Hybrid,AWD,B4 AWD Diesel R-Design
EAR61Y,598900,553666,-8.2,-41435,2025,22650,349.0,T6,Plugin Hybrid,AWD,T6 Ultra Dark
HNW02N,689900,637699,-8.2,-46561,2026,9990,349.0,T6,Plugin Hybrid,AWD,"T6 Plus Dark Nordic Edition, on call, Navigation, Taklucka"
OFN210,259900,240200,-8.2,-15823,2017,130000,190.0,D4,Diesel,AWD,D4 AWD Classic R-Design TEKNIKPKT PRO DRAG 20'
URB52B,544900,503409,-8.2,-27772,2024,39810,197.0,B4,Mild Hybrid,AWD,B4 AWD Diesel Plus Dark
LWU291,219900,203040,-8.3,-11015,2016,135830,190.0,B4,Diesel,AWD,
ZKH41G,504900,466157,-8.3,-39622,2023,58140,252.0,T6,Plugin Hybrid,AWD,Recharge T6 Plus Bright
BER00W,489900,451733,-8.4,-41919,2023,73220,252.0,T6,Plugin Hybrid,AWD,Recharge T6 Plus Dark
GDX209,499500,460413,-8.5,-40202,2023,63760,252.0,T6,Plugin Hybrid,AWD,Recharge T6 Core Edition | 360 | H&K | Läder |
NOX59X,788900,727037,-8.5,-75067,2026,18200,455.0,T8,Plugin Hybrid,AWD,"XC60 Polestar Engineered, T8 AWD Laddhybrid, El-/Bensin"
GZP02W,699000,644098,-8.5,-57619,2025,19800,455.0,T8,Plugin Hybrid,AWD,T8 Ultra Dark
YOD30K,469000,432140,-8.5,-44453,2022,76130,341.0,T6,Plugin Hybrid,AWD,Recharge T6 R-Design
SPW002,419000,385891,-8.6,-1165,2023,157180,455.0,T8,Plugin Hybrid,FWD,Recharge Plus T8 El-bensin
UNN69W,439900,404805,-8.7,-17674,2021,95590,391.0,T8,Plugin Hybrid,FWD,Recharge R-Design T8
GLP66R,479000,440613,-8.7,-39334,2023,82940,252.0,T6,Plugin Hybrid,AWD,Recharge T6 Plus Dark
MBN49G,689000,633439,-8.8,-58019,2025,28570,455.0,T8,Plugin Hybrid,AWD,T8 Ultra Black Edition
YRJ907,319000,293160,-8.8,-25600,2018,163030,190.0,D4,Diesel,AWD,D4 AWD Inscription
MDL830,219900,202011,-8.9,-10753,2016,150670,190.0,D4,Diesel,AWD,D4 AWD Summum Business E PRO | Drag | Kamrem bytt |
FUT56M,579900,532378,-8.9,-48150,2025,43610,349.0,T6,Plugin Hybrid,AWD,T6 Ultra Dark H/K Drag Panorama HUD
TDF17A,314900,288940,-9.0,-37392,2021,171890,341.0,T6,Plugin Hybrid,FWD,Recharge Inscription Expression T6
ZWW70U,509000,466626,-9.1,-43228,2023,57680,252.0,T6,Plugin Hybrid,AWD,Recharge T6 Plus Dark/Sportstolar/Drag
CKP08D,589000,539888,-9.1,-46667,2025,35590,349.0,T6,Plugin Hybrid,AWD,T6 Ultra Dark 0% RÄNTA
XWO806,489900,448825,-9.2,-46062,2022,56760,252.0,T6,Plugin Hybrid,AWD,Recharge T6 II Inscription
LTR37U,579900,531243,-9.2,-46554,2025,43510,349.0,T6,Plugin Hybrid,AWD,T6 Ultra Bright
XWR02U,484500,443727,-9.2,-38587,2024,107020,349.0,T6,Plugin Hybrid,AWD,"Recharge T6 II Plus Dark Edition, Harman/Kardon, Panoramaglastak, Parkeringskame"
LHB00R,549000,502067,-9.3,-42463,2023,21740,252.0,T6,Plugin Hybrid,AWD,Recharge T6 Ultimate Bright
URA47M,669800,612490,-9.4,-58394,2024,27080,455.0,T8,Plugin Hybrid,AWD,Recharge T8 Polestar Engineered DRAG (SELEKT)
BTK810,189500,173069,-9.5,-14404,2015,176580,181.0,B4,Diesel,AWD,
JDP02R,479000,437376,-9.5,-42414,2023,86060,252.0,T6,Plugin Hybrid,AWD,Recharge T6 Plus Dark
BUW02J,614900,561027,-9.6,-48871,2025,15530,349.0,T6,Plugin Hybrid,AWD,T6 Plus Black Nordic Edition
OLL07A,619900,565537,-9.6,-48431,2025,11080,349.0,T6,Plugin Hybrid,AWD,T6 Plus Black Nordic Edition
THE04B,699000,637158,-9.7,-56253,2026,10470,349.0,T6,Plugin Hybrid,AWD,"XC60 Plus, T6 AWD Laddhybrid, El-/Bensin, Dark"
ZBC93X,339900,309460,-9.8,-40664,2020,152950,235.0,B5,Mild Hybrid,AWD,B5 AWD Diesel Inscription
JAP13E,529500,482068,-9.8,-49948,2024,72360,349.0,T6,Plugin Hybrid,AWD,Recharge T6 Ultimate Bright
YJL96P,579900,527761,-9.9,-52797,2025,47780,349.0,T6,Plugin Hybrid,AWD,T6 Ultra Bright H/K Drag Pano TAKBOX 360Kam
FJA01B,519900,473065,-9.9,-47237,2023,51330,252.0,T6,Plugin Hybrid,AWD,Recharge T6 Ultimate Dark | Drag | H&K | Pano | Läder
GGN48P,419900,381585,-10.0,-15497,2021,158520,405.0,T8,Plugin Hybrid,AWD,T
WAK367,544900,495075,-10.1,-36792,2024,47860,197.0,B4,Mild Hybrid,AWD,"XC60 Plus, B4 AWD Mildhybrid, Diesel, Dark"
RBF51B,599000,543961,-10.1,-52305,2025,31810,349.0,T6,Plugin Hybrid,AWD,T6 Plus Black Edition
YWY304,299000,271407,-10.2,-36528,2019,150000,190.0,D4,Diesel,FWD,Momentum D4
MFJ00C,499900,453750,-10.2,-47369,2023,70240,252.0,T6,Plugin Hybrid,AWD,Recharge T6 Ultimate Dark | Drag | Läder
OOA229,239000,216854,-10.2,7919,2015,102980,181.0,D4,Diesel,AWD,D4 AWD Summum Drag Skinn Blis Navi Värmare Adapt
TSB159,524000,475412,-10.2,-48775,2023,49000,252.0,T6,Plugin Hybrid,AWD,Recharge T6 Ultimate Dark
FXN18X,609000,551737,-10.4,-53721,2025,24490,349.0,T6,Plugin Hybrid,AWD,T6 Ultra Dark
FZN56L,719900,652089,-10.4,-73423,2025,14360,455.0,T8,Plugin Hybrid,AWD,T8 Polestar Engineered
JBP33B,719300,650214,-10.6,-64992,2026,30,349.0,T6,Plugin Hybrid,AWD,T6 Plus Dark Nordic Edition
XBO951,299900,270897,-10.7,-41960,2018,139380,250.0,T5,Petrol,FWD,"T5 Inscription. Navigation, on call, Dragkrok"
FME06K,392900,354760,-10.8,-48367,2020,100030,250.0,B5,Mild Hybrid,AWD,B5 AWD Bensin Inscription *HÖGSPEC* Park Assist
DCL23P,359500,324128,-10.9,-46221,2020,135330,235.0,B5,Mild Hybrid,AWD,B5 AWD Diesel Inscription
EEU05H,419000,377676,-10.9,-47382,2022,131760,341.0,T6,Plugin Hybrid,AWD,Recharge T6 R-Design
PKL310,279900,251915,-11.1,-16602,2017,69960,190.0,D4,Diesel,FWD,D4 Classic Summum
JHH70E,379100,341172,-11.1,-48876,2020,115720,250.0,B5,Mild Hybrid,AWD,B5 AWD Bensin Inscription
ZEN664,319800,287687,-11.2,-36425,2018,154130,250.0,T5,Petrol,AWD,T5 II AWD Inscription
OUW00E,559900,502869,-11.3,-52347,2023,20890,252.0,T6,Plugin Hybrid,AWD,Recharge T6 Ultimate Dark
BXX04C,465000,415545,-11.9,-55551,2022,90380,252.0,T6,Plugin Hybrid,AWD,Recharge T6 II R-Design
TWR440,259500,231649,-12.0,-43720,2018,197870,250.0,T5,Petrol,FWD,T5 R-Design/BLIS/Rattvärmare/Navigaion/Backkamera * SUPERDEAL * * SUPERDEAL *
OHJ01F,539900,481951,-12.0,-57918,2024,71440,349.0,T6,Plugin Hybrid,AWD,Recharge T6 Ultimate Dark
THF31M,449900,401097,-12.2,-48098,2023,122090,252.0,T6,Plugin Hybrid,AWD,"Recharge T6 Ultimate Dark, Dragkrok, Taklucka, on call"
KAP29B,379900,338563,-12.2,-48016,2020,125350,197.0,B4,Mild Hybrid,AWD,B4 AWD Diesel R-Design HÖGSPEC
HLO026,269900,240495,-12.2,-31671,2019,215910,250.0,T5,Petrol,AWD,T5 AWD R-Design
FHO613,319500,284564,-12.3,-34461,2019,169380,190.0,D4,Diesel,AWD,D4 AWD R-Design
NLX32G,549500,489312,-12.3,-58502,2023,35000,252.0,T6,Plugin Hybrid,AWD,Recharge T6 Ultimate Bright
ATE07J,519800,462694,-12.3,-60750,2023,62590,252.0,T6,Plugin Hybrid,AWD,Recharge T6 Ultimate Dark
PUH07X,719000,639748,-12.4,-76541,2026,9500,349.0,T6,Plugin Hybrid,AWD,T6 Plus Black Nordic Edition - Demo
FDB36C,399900,355738,-12.4,-48264,2020,104800,197.0,B4,Mild Hybrid,AWD,R-Design B4 MH
KGM20G,479800,426524,-12.5,-55704,2023,97480,252.0,T6,Plugin Hybrid,AWD,Recharge T6 Ultimate Dark Drag/Pano/360°/H&K
GRB06K,729800,646428,-12.9,-79869,2026,3500,349.0,T6,Plugin Hybrid,AWD,T6 Plus Black Nordic Edition - Demobil
NZP59U,609900,538967,-13.2,-68542,2025,36440,349.0,T6,Plugin Hybrid,AWD,"XC60 Ultra, T6 AWD Laddhybrid, El-/Bensin, Dark"
BYR28B,549900,485529,-13.3,-63305,2023,38850,252.0,T6,Plugin Hybrid,AWD,"Recharge T6 Ultimate Dark, Taklucka, on call"
SHR957,339500,299655,-13.3,-39958,2019,150000,190.0,D4,Diesel,AWD,D4 AWD R-Design
YJP96E,499000,440063,-13.4,-59859,2023,83470,252.0,T6,Plugin Hybrid,AWD,Recharge T6 Ultimate Dark
CBW35F,379500,334516,-13.4,-56054,2020,123470,250.0,B5,Mild Hybrid,AWD,R-Design B5 MH Bensin
KFP80U,519900,458230,-13.5,-65414,2023,66930,252.0,T6,Plugin Hybrid,AWD,Recharge T6 Ultimate Dark
CRM22L,519800,457303,-13.7,-66252,2023,67830,252.0,T6,Plugin Hybrid,AWD,Recharge T6 Ultimate Dark/Drag/Rattvärme/19 tum
OCM60W,639900,562088,-13.8,-72605,2025,14490,349.0,T6,Plugin Hybrid,AWD,T6 Ultra Dark OBS SPEC
DJM85L,379500,333157,-13.9,-52991,2021,155670,341.0,T6,Plugin Hybrid,AWD,Recharge T6 R-Design
SXP00W,569900,499442,-14.1,-66985,2025,71820,349.0,T6,Plugin Hybrid,AWD,T6 Ultra Dark
PWW005,514900,450789,-14.2,-65322,2023,73110,252.0,T6,Plugin Hybrid,AWD,Recharge T6 Ultimate Dark (SELEKT) 360°
MZR38B,454500,397765,-14.3,-55506,2023,125350,252.0,T6,Plugin Hybrid,AWD,"Recharge T6 Plus Dark, Nappaläder, Parkeringskamera Bak, Navigation, Tonade ruto"
HYX67Z,549900,480269,-14.5,-69490,2024,72970,349.0,T6,Plugin Hybrid,AWD,Recharge T6 Ultimate Dark
EOA57D,499500,435903,-14.6,-69541,2022,69900,252.0,T6,Plugin Hybrid,AWD,Recharge T6 II R-Design | 360 Kamera | Dragkrok | B&W |
KJR63W,729000,635777,-14.7,-90843,2026,13000,349.0,T6,Plugin Hybrid,AWD,T6 Ultra Dark Demobil Påväg In
SGY55R,389500,339164,-14.8,-61172,2020,117680,235.0,B5,Mild Hybrid,AWD,B5 AWD Diesel Inscription Luftfjädring Drag 360
XCS48J,489900,425619,-15.1,-66625,2023,98350,252.0,T6,Plugin Hybrid,AWD,Recharge T6 Ultimate Dark Bowers&Wilkins
SWA96Y,749900,650704,-15.2,-101792,2025,14240,455.0,T8,Plugin Hybrid,AWD,T8 Polestar Engineered
FGN56U,649000,562485,-15.4,-81230,2025,14100,349.0,T6,Plugin Hybrid,AWD,T6 Ultra Black Edition
ZPH70G,509800,441480,-15.5,-71776,2023,83100,252.0,T6,Plugin Hybrid,AWD,Recharge T6 Ultimate Dark/Drag/Värmare/HUD
PZW00L,379900,328714,-15.6,-34256,2023,197060,252.0,T6,Plugin Hybrid,AWD,Recharge T6 Core Edition
YNR02R,669900,577816,-15.9,-86070,2025,0,350.0,T6,Plugin Hybrid,AWD,Ny T6 Core Bright Finns för snabb lev*Kampanjrabatt
WBR62P,629000,540699,-16.3,-88633,2025,36010,349.0,T6,Plugin Hybrid,AWD,T6 Ultra Dark Aktivt Chassi Drag B&W
KHR00Z,529800,455200,-16.4,-54871,2023,132010,455.0,T8,Plugin Hybrid,AWD,Recharge T8 Polestar Engineered /Dragkrok/
JHP05F,739000,634095,-16.5,-99567,2026,13170,349.0,T6,Plugin Hybrid,AWD,T6 Ultra Black Edition - 22' & B&W!
BRN93D,639000,548027,-16.6,-87859,2025,28000,349.0,T6,Plugin Hybrid,AWD,T6 Ultra Dark
HCW07D,399500,342472,-16.7,-64574,2022,131310,341.0,T6,Plugin Hybrid,FWD,Recharge Inscription T6
UXS89C,599000,509449,-17.6,-83096,2023,86840,455.0,T8,Plugin Hybrid,AWD,Recharge T8 Polestar Engineered - BOWERS&WILKINS
KYS53N,595000,503773,-18.1,-81224,2023,90550,455.0,T8,Plugin Hybrid,AWD,Recharge T8 Polestar Engineered
AZY23P,419000,354367,-18.2,-70336,2022,117060,341.0,T6,Plugin Hybrid,FWD,Recharge Inscription T6
NZU96W,579900,490287,-18.3,-92597,2024,64910,350.0,T6,Plugin Hybrid,AWD,Recharge T6 AWD Ultimate Dark 350hk Pano B&W 360° HUD Drag
RCE87W,759000,639586,-18.7,-113584,2026,8310,349.0,T6,Plugin Hybrid,AWD,T6 Ultra Black Edition. Demo.
RBO873,489000,410305,-19.2,-76987,2023,112200,252.0,T6,Plugin Hybrid,AWD,Recharge T6 Plus Dark
NNJ59T,529900,443661,-19.4,-87302,2023,80000,252.0,T6,Plugin Hybrid,AWD,Recharge T6 Ultimate Dark
YJW59D,489000,407866,-19.9,-79107,2023,114570,252.0,T6,Plugin Hybrid,AWD,Recharge T6 Plus Dark
FRP36F,699900,577816,-21.1,-116070,2025,0,350.0,T6,Plugin Hybrid,AWD,
SMS405,679000,558591,-21.6,-117342,2023,44620,455.0,T8,Plugin Hybrid,AWD,Recharge T8 Polestar Engineered
ACK27T,709000,569630,-24.5,-135608,2025,8320,349.0,T6,Plugin Hybrid,AWD,T6 Plus Black Edition - Demo
UHP04P,709000,562886,-26.0,-143810,2025,15000,349.0,T6,Plugin Hybrid,AWD,T6 Plus Black Edition - Demo
