registration,price,mileage,model_year,version,color,fuel_type,drive_wheels,electric_type,transmission,engine_power,engine_name,body_type,location,url,scrape_date
ASU024,124900,243070,2015,D4 Ocean Race BE 181hk P-värm PDC Rattvärm,Vit,Diesel,Framhjulsdrift,,Manuell,181 hk,,,TROLLHÄTTAN,https://www.bilia.se/bilar/sok-bil/volvo/xc60/asu024/,2026-01-13
LHB00R,549000,21740,2023,Recharge T6 Ultimate Bright,Grå,Bensin+El,Fyrhjulsdrift,Laddhybrid,Automat,350 hk,,,HANINGE,https://www.bilia.se/bilar/sok-bil/volvo/xc60/lhb00r/,2026-01-13
DZP03F,689900,21610,2025,,Grå,Bensin+El,Fyrhjulsdrift,Laddhybrid,Automat,456 hk,,,SISJÖN,https://www.bilia.se/bilar/sok-bil/volvo/xc60/dzp03f/,2026-01-13
BTK810,189500,176580,2015,,Silver,Diesel,Fyrhjulsdrift,,Automat,181 hk,,,JÄGERSRO,https://www.bilia.se/bilar/sok-bil/volvo/xc60/btk810/,2026-01-13
RKS090,264000,100060,2017,D4 AWD Classic R-Design 2-brukare / Panorama / Backkamera,Vit,Diesel,Fyrhjulsdrift,,Automat,190 hk,,,BRO,https://www.bilia.se/bilar/sok-bil/volvo/xc60/rks090/,2026-01-13
DCG77A,389900,66700,2023,B5 AWD Bensin Core,Blå,Bensin,Fyrhjulsdrift,,Automat,250 hk,,,ESKILSTUNA,https://www.bilia.se/bilar/sok-bil/volvo/xc60/dcg77a/,2026-01-13
THF31M,449900,122090,2023,,Svart,Bensin+El,Fyrhjulsdrift,Laddhybrid,Automat,350 hk,,,SISJÖN,https://www.bilia.se/bilar/sok-bil/volvo/xc60/thf31m/,2026-01-13
WBT09X,619900,1180,2025,T6 Plus Dark Edition,Vit,Bensin+El,Fyrhjulsdrift,Laddhybrid,Automat,350 hk,,,NACKA,https://www.bilia.se/bilar/sok-bil/volvo/xc60/wbt09x/,2026-01-13
AHC769,159900,206350,2014,D4 AWD Summum BE VOC / Drag / Keyless / Skinn,Svart,Diesel,Fyrhjulsdrift,,Automat,181 hk,,,BRO,https://www.bilia.se/bilar/sok-bil/volvo/xc60/ahc769/,2026-01-13
HGE68A,319000,104270,2020,T5 AWD Momentum Advanced SE II,Blå,Bensin,Fyrhjulsdrift,,Automat,250 hk,,,TRELLEBORG,https://www.bilia.se/bilar/sok-bil/volvo/xc60/hge68a/,2026-01-13
BYR28B,549900,38850,2023,"Recharge T6 Ultimate Dark, Taklucka, on call",Svart,Bensin+El,Fyrhjulsdrift,Laddhybrid,Automat,350 hk,,,SISJÖN,https://www.bilia.se/bilar/sok-bil/volvo/xc60/byr28b/,2026-01-13
GZL46C,389000,108970,2023,Recharge T6 Core Edition / AWD / GOOGLE / PANORAMA,Grå,Bensin+El,Fyrhjulsdrift,Laddhybrid,Automat,350 hk,,,BILIA HAGA NORRA VOLVO,https://www.bilia.se/bilar/sok-bil/volvo/xc60/gzl46c/,2026-01-13
EMZ76J,379000,83550,2023,B5 AWD Bensin Core,Grå,Bensin,Fyrhjulsdrift,,Automat,250 hk,,,TÄBY,https://www.bilia.se/bilar/sok-bil/volvo/xc60/emz76j/,2026-01-13
JAB51G,539500,46180,2023,Recharge T8 Ultimate Bright,Svart,Bensin+El,Fyrhjulsdrift,Laddhybrid,Automat,456 hk,,,JÄGERSRO,https://www.bilia.se/bilar/sok-bil/volvo/xc60/jab51g/,2026-01-13
SRP40F,469900,47670,2023,Recharge T6 Core Edition,Vit,Bensin+El,Fyrhjulsdrift,Laddhybrid,Automat,350 hk,,,KUNGÄLV,https://www.bilia.se/bilar/sok-bil/volvo/xc60/srp40f/,2026-01-13
NUG283,239900,124730,2016,D5 AWD Summum Business Edition PRO SE SPEC!,Svart,Diesel,Fyrhjulsdrift,,Automat,220 hk,,,SÖDERTÄLJE,https://www.bilia.se/bilar/sok-bil/volvo/xc60/nug283/,2026-01-13
PZZ54M,689000,8950,2026,T6 Plus Dark Nordic Edition,Röd,Bensin+El,Fyrhjulsdrift,Laddhybrid,Automat,350 hk,,,TÄBY,https://www.bilia.se/bilar/sok-bil/volvo/xc60/pzz54m/,2026-01-13
SJM16G,269500,165950,2019,D4 AWD Momentum SE,Svart,Diesel,Fyrhjulsdrift,,Automat,190 hk,,,LUND,https://www.bilia.se/bilar/sok-bil/volvo/xc60/sjm16g/,2026-01-13
URW00H,429500,67420,2023,Recharge T6 Core Edition,Grå,Bensin+El,Fyrhjulsdrift,Laddhybrid,Automat,350 hk,,,TÄBY,https://www.bilia.se/bilar/sok-bil/volvo/xc60/urw00h/,2026-01-13
RAA83A,509000,52620,2023,Recharge T6 Plus Dark Läder/Backkamera/Panorama/Värmare,Vit,Bensin+El,Fyrhjulsdrift,Laddhybrid,Automat,350 hk,,,BILIA HAGA NORRA VOLVO,https://www.bilia.se/bilar/sok-bil/volvo/xc60/raa83a/,2026-01-13
MBN49G,689000,28570,2025,T8 Ultra Black Edition,Svart,Bensin+El,Fyrhjulsdrift,Laddhybrid,Automat,456 hk,,,BILIA HAGA NORRA VOLVO,https://www.bilia.se/bilar/sok-bil/volvo/xc60/mbn49g/,2026-01-13
EOJ65M,349900,123000,2020,T8 TE Inscription,Blå,Bensin+El,Fyrhjulsdrift,Laddhybrid,Automat,392 hk,,,JÄGERSRO,https://www.bilia.se/bilar/sok-bil/volvo/xc60/eoj65m/,2026-01-13
DJB09Z,629900,4410,2026,T6 Plus Black Nordic Edition,Blå,Bensin+El,Fyrhjulsdrift,Laddhybrid,Automat,350 hk,,,SÄVEDALEN,https://www.bilia.se/bilar/sok-bil/volvo/xc60/djb09z/,2026-01-13
ZDT235,259900,205550,2018,"D4 AWD Inscription IB 19"" | Drag |",Grå,Diesel,Fyrhjulsdrift,,Automat,190 hk,,,VÄSTERÅS,https://www.bilia.se/bilar/sok-bil/volvo/xc60/zdt235/,2026-01-13
ATK843,379900,156460,2023,Recharge T6 Plus Dark,Vit,Bensin+El,Fyrhjulsdrift,Laddhybrid,Automat,350 hk,,,KUNGÄLV,https://www.bilia.se/bilar/sok-bil/volvo/xc60/atk843/,2026-01-13
SHY41A,626900,0,2026,Ny T6 Plus Dark Nordic Edition,Silver,Bensin+El,Fyrhjulsdrift,Laddhybrid,Automat,350 hk,,,JÄGERSRO,https://www.bilia.se/bilar/sok-bil/volvo/xc60/shy41a/,2026-01-13
OWD647,124900,256850,2016,D4 AWD Ocean Race BE PRO 190hk Panorama Navi P-värm,Svart,Diesel,Fyrhjulsdrift,,Manuell,190 hk,,,JÄGERSRO,https://www.bilia.se/bilar/sok-bil/volvo/xc60/owd647/,2026-01-13
JAW20F,519500,50490,2024,Recharge T6 II Plus Bright,Grå,Bensin+El,Fyrhjulsdrift,Laddhybrid,Automat,350 hk,,,JÄGERSRO,https://www.bilia.se/bilar/sok-bil/volvo/xc60/jaw20f/,2026-01-13
KFP80U,519900,66930,2023,Recharge T6 Ultimate Dark,Grå,Bensin+El,Fyrhjulsdrift,Laddhybrid,Automat,350 hk,,,KUNGSBACKA,https://www.bilia.se/bilar/sok-bil/volvo/xc60/kfp80u/,2026-01-13
XBJ349,239500,123600,2017,D4 AWD Classic Summum,Röd,Diesel,Fyrhjulsdrift,,Automat,190 hk,,,JÄGERSRO,https://www.bilia.se/bilar/sok-bil/volvo/xc60/xbj349/,2026-01-13
UJA03T,509900,38280,2023,"Recharge T6 Plus Bright, Taklucka, on call",Grå,Bensin+El,Fyrhjulsdrift,Laddhybrid,Automat,350 hk,,,SISJÖN,https://www.bilia.se/bilar/sok-bil/volvo/xc60/uja03t/,2026-01-13
SEU642,229900,140200,2017,D4 AWD Classic Momentum,Vit,Diesel,Fyrhjulsdrift,,Automat,190 hk,,,VÄSTERÅS,https://www.bilia.se/bilar/sok-bil/volvo/xc60/seu642/,2026-01-13
OOD171,169900,185900,2014,D4 AWD aut Summum BE PRO 163hk Panorama Navi Drag BLIS,Svart,Diesel,Fyrhjulsdrift,,Automat,163 hk,,,VÄRNHEM,https://www.bilia.se/bilar/sok-bil/volvo/xc60/ood171/,2026-01-13
JWA366,469900,60890,2024,Recharge T6 Core Edition,Grå,Bensin+El,Fyrhjulsdrift,Laddhybrid,Automat,350 hk,,,ESKILSTUNA,https://www.bilia.se/bilar/sok-bil/volvo/xc60/jwa366/,2026-01-13
JBN75Z,629900,0,2026,Ny T6 Plus Dark Nordic Edition,Silver,Bensin+El,Fyrhjulsdrift,Laddhybrid,Automat,350 hk,,,SÄVEDALEN,https://www.bilia.se/bilar/sok-bil/volvo/xc60/jbn75z/,2026-01-13
JRA08F,479900,77400,2023,Recharge T6 AWD Inscription Pano 360°K Drag H&K,Grå,Bensin+El,Fyrhjulsdrift,Laddhybrid,Automat,350 hk,,,KISTA,https://www.bilia.se/bilar/sok-bil/volvo/xc60/jra08f/,2026-01-13
YDZ30M,509000,44500,2022,Recharge T8 R-Design,Svart,Bensin+El,Fyrhjulsdrift,Laddhybrid,Automat,392 hk,,,SEGELTORP,https://www.bilia.se/bilar/sok-bil/volvo/xc60/ydz30m/,2026-01-13
DCA44D,399900,97350,2021,"Recharge T6 Inscription, Teknikpaket, Ljuspaket, Dynamisk LED",Blå,Bensin+El,Fyrhjulsdrift,Laddhybrid,Automat,340 hk,,,ESKILSTUNA,https://www.bilia.se/bilar/sok-bil/volvo/xc60/dca44d/,2026-01-13
YRR787,259900,165410,2019,T5 AWD Mom Adv SE Skinn Kamera Teknikpkt VOC,Svart,Bensin,Fyrhjulsdrift,,Automat,250 hk,,,KISTA,https://www.bilia.se/bilar/sok-bil/volvo/xc60/yrr787/,2026-01-13
RCD71N,626900,0,2026,"Ny T6 Plus Dark Nordic Edition, Lagerbil snabb leverans!",Vit,Bensin+El,Fyrhjulsdrift,Laddhybrid,Automat,350 hk,,,ESKILSTUNA,https://www.bilia.se/bilar/sok-bil/volvo/xc60/rcd71n/,2026-01-13
CBW35F,379500,123470,2020,B5 AWD Bensin R-Design,Blå,Bensin,Fyrhjulsdrift,,Automat,250 hk,,,JÄGERSRO,https://www.bilia.se/bilar/sok-bil/volvo/xc60/cbw35f/,2026-01-13
KGN19G,429900,69110,2021,Inscription T,Silver,Bensin+El,Fyrhjulsdrift,Laddhybrid,Automat,392 hk,,,KUNGSBACKA,https://www.bilia.se/bilar/sok-bil/volvo/xc60/kgn19g/,2026-01-13
TUU04Y,399900,136090,2023,Recharge T6 Plus Bright,Silver,Bensin+El,Fyrhjulsdrift,Laddhybrid,Automat,350 hk,,,KUNGÄLV,https://www.bilia.se/bilar/sok-bil/volvo/xc60/tuu04y/,2026-01-13
LOH11A,499900,43330,2023,,Grå,Bensin+El,Fyrhjulsdrift,Laddhybrid,Automat,350 hk,,,SISJÖN,https://www.bilia.se/bilar/sok-bil/volvo/xc60/loh11a/,2026-01-13
TFM51U,379500,61500,2023,B5 AWD Bensin Core,Grå,Bensin,Fyrhjulsdrift,,Automat,250 hk,,,JÄGERSRO,https://www.bilia.se/bilar/sok-bil/volvo/xc60/tfm51u/,2026-01-13
XMH50K,289000,130840,2020,T5 AWD Momentum Advanced SE II / Xvision ljusramp / kamera,Silver,Bensin,Fyrhjulsdrift,,Automat,250 hk,,,BILIA HAGA NORRA VOLVO,https://www.bilia.se/bilar/sok-bil/volvo/xc60/xmh50k/,2026-01-13
FBF26A,429900,53670,2024,B5 AWD Bensin Core,Grå,Bensin,Fyrhjulsdrift,,Automat,250 hk,,,ESKILSTUNA,https://www.bilia.se/bilar/sok-bil/volvo/xc60/fbf26a/,2026-01-13
OOA229,239000,102980,2015,D4 AWD Summum Drag Skinn Blis Navi Värmare Adapt,Vit,Diesel,Fyrhjulsdrift,,Automat,181 hk,,,KUNGENS KURVA,https://www.bilia.se/bilar/sok-bil/volvo/xc60/ooa229/,2026-01-13
DKC31A,344500,168600,2023,Recharge T6 Core Edition,Svart,Bensin+El,Fyrhjulsdrift,Laddhybrid,Automat,350 hk,,,KÖPING,https://www.bilia.se/bilar/sok-bil/volvo/xc60/dkc31a/,2026-01-13
KMW01Z,626900,0,2026,Ny T6 Plus Dark Nordic Edition,Silver,Bensin+El,Fyrhjulsdrift,Laddhybrid,Automat,350 hk,,,NACKA,https://www.bilia.se/bilar/sok-bil/volvo/xc60/kmw01z/,2026-01-13
ZKJ43P,629900,0,2026,Ny T6 Plus Bright Nordic Edition,Röd,Bensin+El,Fyrhjulsdrift,Laddhybrid,Automat,350 hk,,,SISJÖN,https://www.bilia.se/bilar/sok-bil/volvo/xc60/zkj43p/,2026-01-13
GWS46B,379500,132220,2023,Recharge T6 Core Edition,Svart,Bensin+El,Fyrhjulsdrift,Laddhybrid,Automat,350 hk,,,JÄGERSRO,https://www.bilia.se/bilar/sok-bil/volvo/xc60/gws46b/,2026-01-13
EWP03N,632900,0,2026,"Ny T6 Plus Dark Nordic Edition, Lagerbil snabb leverans!",Grå,Bensin+El,Fyrhjulsdrift,Laddhybrid,Automat,350 hk,,,ESKILSTUNA,https://www.bilia.se/bilar/sok-bil/volvo/xc60/ewp03n/,2026-01-13
RAD78M,459500,88720,2023,Recharge T6 Plus Bright,Svart,Bensin+El,Fyrhjulsdrift,Laddhybrid,Automat,350 hk,,,LUND,https://www.bilia.se/bilar/sok-bil/volvo/xc60/rad78m/,2026-01-13
PDS367,223000,139130,2017,D4 AWD Classic Summum/Panorama/Navi/Skinn/Värmare,Silver,Diesel,Fyrhjulsdrift,,Automat,190 hk,,,BILIA HAGA NORRA VOLVO,https://www.bilia.se/bilar/sok-bil/volvo/xc60/pds367/,2026-01-13
DDG431,189900,141300,2014,D4 AWD Momentum BE PRO II Drag Pano Nav Värmare,Svart,Diesel,Fyrhjulsdrift,,Automat,181 hk,,,KISTA,https://www.bilia.se/bilar/sok-bil/volvo/xc60/ddg431/,2026-01-13
TEB540,199500,152050,2017,D4 Classic Momentum,Brun,Diesel,Framhjulsdrift,,Manuell,190 hk,,,LUND,https://www.bilia.se/bilar/sok-bil/volvo/xc60/teb540/,2026-01-13
GRA058,159900,177300,2016,,Brun,Diesel,Framhjulsdrift,,Manuell,190 hk,,,KISTA,https://www.bilia.se/bilar/sok-bil/volvo/xc60/gra058/,2026-01-13
RFU76N,679900,550,2025,,Blå,Bensin+El,Fyrhjulsdrift,Laddhybrid,Automat,456 hk,,,SISJÖN,https://www.bilia.se/bilar/sok-bil/volvo/xc60/rfu76n/,2026-01-13
OUR02M,674000,30550,2025,T8 Ultra Dark /Navi/ 360 Kamera/ Drag/ AWD,Grå,Bensin+El,Fyrhjulsdrift,Laddhybrid,Automat,456 hk,,,BILIA HAGA NORRA VOLVO,https://www.bilia.se/bilar/sok-bil/volvo/xc60/our02m/,2026-01-13
ELJ967,215000,147670,2016,D5 AWD Ocean Race Business E PRO *SE SPEC*,Blå,Diesel,Fyrhjulsdrift,,Automat,220 hk,,,SEGELTORP,https://www.bilia.se/bilar/sok-bil/volvo/xc60/elj967/,2026-01-13
ZUW01J,679500,710,2025,T8 Ultra Bright,Blå,Bensin+El,Fyrhjulsdrift,Laddhybrid,Automat,456 hk,,,JÄGERSRO,https://www.bilia.se/bilar/sok-bil/volvo/xc60/zuw01j/,2026-01-13
BUY73G,354000,109690,2021,Recharge T6 Inscription Expression /AWD/ Blis/ Navi,Vit,Bensin+El,Fyrhjulsdrift,Laddhybrid,Automat,340 hk,,,BILIA HAGA NORRA VOLVO,https://www.bilia.se/bilar/sok-bil/volvo/xc60/buy73g/,2026-01-13
LFU76A,679000,30000,2025,T8 Ultra Bright,Blå,Bensin+El,Fyrhjulsdrift,Laddhybrid,Automat,456 hk,,,SEGELTORP,https://www.bilia.se/bilar/sok-bil/volvo/xc60/lfu76a/,2026-01-13
NZU96W,579900,64910,2024,Recharge T6 AWD Ultimate Dark 350hk Pano B&W 360° HUD Drag,Blå,Bensin+El,Fyrhjulsdrift,Laddhybrid,Automat,350 hk,,,VÄRNHEM,https://www.bilia.se/bilar/sok-bil/volvo/xc60/nzu96w/,2026-01-13
FJC356,329000,96070,2021,B4 Diesel Momentum Advanced SE,Vit,Diesel,Framhjulsdrift,,Automat,197 hk,,,BILIA HAGA NORRA VOLVO,https://www.bilia.se/bilar/sok-bil/volvo/xc60/fjc356/,2026-01-13
WCK54E,618900,0,2026,Ny T6 Plus Dark Nordic Edition,Vit,Bensin+El,Fyrhjulsdrift,Laddhybrid,Automat,350 hk,,,KUNGÄLV,https://www.bilia.se/bilar/sok-bil/volvo/xc60/wck54e/,2026-01-13
ZBC93X,339900,152950,2020,B5 AWD Diesel Inscription,Brun,Diesel,Fyrhjulsdrift,,Automat,235 hk,,,KUNGSBACKA,https://www.bilia.se/bilar/sok-bil/volvo/xc60/zbc93x/,2026-01-13
XBO951,299900,139380,2018,,Vit,Bensin,Framhjulsdrift,,Automat,250 hk,,,SISJÖN,https://www.bilia.se/bilar/sok-bil/volvo/xc60/xbo951/,2026-01-13
YNA346,219900,169870,2017,D4 AWD Classic R-Design 190hk Pano Navi BLIS Bkam,Vit,Diesel,Fyrhjulsdrift,,Automat,190 hk,,,TROLLHÄTTAN,https://www.bilia.se/bilar/sok-bil/volvo/xc60/yna346/,2026-01-13
XCS48J,489900,98350,2023,Recharge T6 Ultimate Dark Bowers&Wilkins,Grå,Bensin+El,Fyrhjulsdrift,Laddhybrid,Automat,350 hk,,,SÖDERTÄLJE,https://www.bilia.se/bilar/sok-bil/volvo/xc60/xcs48j/,2026-01-13
WBJ42P,674500,23530,2025,T8 Ultra Dark | Bowers & Wilkins| Glastak | Drag |,Grå,Bensin+El,Fyrhjulsdrift,Laddhybrid,Automat,456 hk,,,STRÄNGNÄS,https://www.bilia.se/bilar/sok-bil/volvo/xc60/wbj42p/,2026-01-13
ZYE52G,459500,50990,2023,Recharge T6 Core Bright,Röd,Bensin+El,Fyrhjulsdrift,Laddhybrid,Automat,350 hk,,,JÄGERSRO,https://www.bilia.se/bilar/sok-bil/volvo/xc60/zye52g/,2026-01-13
RDS960,229000,114100,2017,D4 AWD Classic Momentum,Vit,Diesel,Fyrhjulsdrift,,Automat,190 hk,,,TÄBY,https://www.bilia.se/bilar/sok-bil/volvo/xc60/rds960/,2026-01-13
RWR03D,634000,30480,2025,T8 Ultra Black Edition,Svart,Bensin+El,Fyrhjulsdrift,Laddhybrid,Automat,456 hk,,,BILIA HAGA NORRA VOLVO,https://www.bilia.se/bilar/sok-bil/volvo/xc60/rwr03d/,2026-01-13
RCD11M,729000,4610,2026,T8 Plus Dark Nordic Edition Luftfjädring Bowers Vent säten,Svart,Bensin+El,Fyrhjulsdrift,Laddhybrid,Automat,456 hk,,,HANINGE,https://www.bilia.se/bilar/sok-bil/volvo/xc60/rcd11m/,2026-01-13
WEJ922,349900,110510,2019,T8 TE Inscription,Grå,Bensin+El,Fyrhjulsdrift,Laddhybrid,Automat,392 hk,,,VÄSTERÅS,https://www.bilia.se/bilar/sok-bil/volvo/xc60/wej922/,2026-01-13
POA33J,429900,109150,2022,Recharge T8 AWD R-Design | B&W | Pano | Drag,Grå,Bensin+El,Fyrhjulsdrift,Laddhybrid,Automat,392 hk,,,ARÖD,https://www.bilia.se/bilar/sok-bil/volvo/xc60/poa33j/,2026-01-13
WAD38P,399900,95000,2023,Recharge T6 Core Edition,Svart,Bensin+El,Fyrhjulsdrift,Laddhybrid,Automat,350 hk,,,ESKILSTUNA,https://www.bilia.se/bilar/sok-bil/volvo/xc60/wad38p/,2026-01-13
ACX81T,679500,10000,2025,T8 Ultra Bright,Blå,Bensin+El,Fyrhjulsdrift,Laddhybrid,Automat,456 hk,,,LUND,https://www.bilia.se/bilar/sok-bil/volvo/xc60/acx81t/,2026-01-13
FME06K,392900,100030,2020,B5 AWD Bensin Inscription *HÖGSPEC* Park Assist,Blå,Bensin,Fyrhjulsdrift,,Automat,250 hk,,,SEGELTORP,https://www.bilia.se/bilar/sok-bil/volvo/xc60/fme06k/,2026-01-13
KEA40G,349500,156260,2020,T8 TE R-Design,Grå,Bensin+El,Fyrhjulsdrift,Laddhybrid,Automat,392 hk,,,JÄGERSRO,https://www.bilia.se/bilar/sok-bil/volvo/xc60/kea40g/,2026-01-13
DLM64X,419900,111060,2022,Recharge T8 AWD Inscription | Navi | B&W | Pano | 360°,Blå,Bensin+El,Fyrhjulsdrift,Laddhybrid,Automat,456 hk,,,ARÖD,https://www.bilia.se/bilar/sok-bil/volvo/xc60/dlm64x/,2026-01-13
RAB82N,399900,102060,2023,,Svart,Bensin+El,Fyrhjulsdrift,Laddhybrid,Automat,350 hk,,,SISJÖN,https://www.bilia.se/bilar/sok-bil/volvo/xc60/rab82n/,2026-01-13
YFM61D,359000,149500,2021,Recharge T6 R-Design T,Svart,Bensin+El,Fyrhjulsdrift,Laddhybrid,Automat,340 hk,,,HANINGE,https://www.bilia.se/bilar/sok-bil/volvo/xc60/yfm61d/,2026-01-13
CGG75J,434000,94350,2022,Recharge T6 II Inscription/Kamera/Sensorer/VOC,Svart,Bensin+El,Fyrhjulsdrift,Laddhybrid,Automat,350 hk,,,BILIA HAGA NORRA VOLVO,https://www.bilia.se/bilar/sok-bil/volvo/xc60/cgg75j/,2026-01-13
FRP36F,699900,0,2025,,Grå,Bensin+El,Fyrhjulsdrift,Laddhybrid,Automat,350 hk,,,HANINGE,https://www.bilia.se/bilar/sok-bil/volvo/xc60/frp36f/,2026-01-13
DJM85L,379500,155670,2021,Recharge T6 R-Design,Grå,Bensin+El,Fyrhjulsdrift,Laddhybrid,Automat,340 hk,,,LUND,https://www.bilia.se/bilar/sok-bil/volvo/xc60/djm85l/,2026-01-13
RAH04K,389900,85760,2023,B5 AWD Bensin Core | Klimatpaket |,Grå,Bensin,Fyrhjulsdrift,,Automat,250 hk,,,VÄSTERÅS,https://www.bilia.se/bilar/sok-bil/volvo/xc60/rah04k/,2026-01-13
KPU26W,395000,99920,2023,Recharge T6 Core Edition,Svart,Bensin+El,Fyrhjulsdrift,Laddhybrid,Automat,350 hk,,,SEGELTORP,https://www.bilia.se/bilar/sok-bil/volvo/xc60/kpu26w/,2026-01-13
FEW18P,589900,4090,2026,T6 Plus Bright Nordic Edition,Silver,Bensin+El,Fyrhjulsdrift,Laddhybrid,Automat,350 hk,,,TÄBY,https://www.bilia.se/bilar/sok-bil/volvo/xc60/few18p/,2026-01-13
LLA107,159900,174740,2015,,Brun,Diesel,Fyrhjulsdrift,,Manuell,181 hk,,,SISJÖN,https://www.bilia.se/bilar/sok-bil/volvo/xc60/lla107/,2026-01-13
JZP52P,509500,30230,2025,T6 Core Special Edition,Grå,Bensin+El,Fyrhjulsdrift,Laddhybrid,Automat,350 hk,,,JÄGERSRO,https://www.bilia.se/bilar/sok-bil/volvo/xc60/jzp52p/,2026-01-13
NCH42T,399900,96340,2021,,Silver,Bensin+El,Fyrhjulsdrift,Laddhybrid,Automat,340 hk,,,SISJÖN,https://www.bilia.se/bilar/sok-bil/volvo/xc60/nch42t/,2026-01-13
ZNR03H,626900,10,2026,Ny T6 Plus Dark Nordic Edition,Silver,Bensin+El,Fyrhjulsdrift,Laddhybrid,Automat,350 hk,,,ESKILSTUNA,https://www.bilia.se/bilar/sok-bil/volvo/xc60/znr03h/,2026-01-13
BEY12T,626900,0,2026,Ny T6 Plus Bright Nordic Edition,Vit,Bensin+El,Fyrhjulsdrift,Laddhybrid,Automat,350 hk,,,SISJÖN,https://www.bilia.se/bilar/sok-bil/volvo/xc60/bey12t/,2026-01-13
YGJ05K,429900,77100,2023,Recharge T6 Core Edition,Grå,Bensin+El,Fyrhjulsdrift,Laddhybrid,Automat,350 hk,,,ESKILSTUNA,https://www.bilia.se/bilar/sok-bil/volvo/xc60/ygj05k/,2026-01-13
GOM29P,659900,16310,2025,T8 Ultra Black Edition | Pannorama | Harman Kardon |,Svart,Bensin+El,Fyrhjulsdrift,Laddhybrid,Automat,456 hk,,,STRÄNGNÄS,https://www.bilia.se/bilar/sok-bil/volvo/xc60/gom29p/,2026-01-13
TRB16M,626900,0,2026,Ny T6 Plus Dark Nordic Edition,Vit,Bensin+El,Fyrhjulsdrift,Laddhybrid,Automat,350 hk,,,NACKA,https://www.bilia.se/bilar/sok-bil/volvo/xc60/trb16m/,2026-01-13
HOO821,339900,136010,2022,B5 Bensin Momentum Advanced Edt II | Drag |,Svart,Bensin,Framhjulsdrift,,Automat,250 hk,,,VÄSTERÅS,https://www.bilia.se/bilar/sok-bil/volvo/xc60/hoo821/,2026-01-13
SBL58F,469000,93480,2023,Recharge T6 Ultimate Bright,Svart,Bensin+El,Fyrhjulsdrift,Laddhybrid,Automat,350 hk,,,TÄBY,https://www.bilia.se/bilar/sok-bil/volvo/xc60/sbl58f/,2026-01-13
AFS27T,469000,76070,2023,Recharge T6 Plus Bright,Svart,Bensin+El,Fyrhjulsdrift,Laddhybrid,Automat,350 hk,,,SEGELTORP,https://www.bilia.se/bilar/sok-bil/volvo/xc60/afs27t/,2026-01-13
NPX96D,534900,42510,2023,Recharge T8 Ultimate Bright,Grå,Bensin+El,Fyrhjulsdrift,Laddhybrid,Automat,456 hk,,,NACKA,https://www.bilia.se/bilar/sok-bil/volvo/xc60/npx96d/,2026-01-13
YHN61P,229900,198460,2020,,Svart,Bensin,Framhjulsdrift,,Automat,253 hk,,,TROLLHÄTTAN,https://www.bilia.se/bilar/sok-bil/volvo/xc60/yhn61p/,2026-01-13
EWA81U,644900,0,2026,Ny T6 Plus Dark Nordic Edition,Vit,Bensin+El,Fyrhjulsdrift,Laddhybrid,Automat,350 hk,,,NACKA,https://www.bilia.se/bilar/sok-bil/volvo/xc60/ewa81u/,2026-01-13
YMF477,229900,122300,2017,D4 AWD Classic Summum 190hk Värmare Navi VOC,Silver,Diesel,Fyrhjulsdrift,,Automat,190 hk,,,ARÖD,https://www.bilia.se/bilar/sok-bil/volvo/xc60/ymf477/,2026-01-13
UFG89P,379900,73700,2023,"B5 AWD Bensin Core, Navigation, P-Sensorer bak",Röd,Bensin,Fyrhjulsdrift,,Automat,250 hk,,,ESKILSTUNA,https://www.bilia.se/bilar/sok-bil/volvo/xc60/ufg89p/,2026-01-13
GZA36X,636900,0,2026,Ny T6 Plus Dark Nordic Edition,Vit,Bensin+El,Fyrhjulsdrift,Laddhybrid,Automat,350 hk,,,KUNGÄLV,https://www.bilia.se/bilar/sok-bil/volvo/xc60/gza36x/,2026-01-13
WDJ00R,454000,53120,2023,Recharge T6 Core Edition/ Panorama/ Navi/ Kamera,Svart,Bensin+El,Fyrhjulsdrift,Laddhybrid,Automat,350 hk,,,BILIA HAGA NORRA VOLVO,https://www.bilia.se/bilar/sok-bil/volvo/xc60/wdj00r/,2026-01-13
LWU291,219900,135830,2016,,Svart,Diesel,Fyrhjulsdrift,,Automat,190 hk,,,SISJÖN,https://www.bilia.se/bilar/sok-bil/volvo/xc60/lwu291/,2026-01-13
PCC64M,219900,254790,2019,D4 AWD Momentum 190hk Drag B-kamera Navi Värmare,Svart,Diesel,Fyrhjulsdrift,,Automat,190 hk,,,ARÖD,https://www.bilia.se/bilar/sok-bil/volvo/xc60/pcc64m/,2026-01-13
RCD72A,659900,0,2026,Ny T6 Plus Dark Nordic Edition,Vit,Bensin+El,Fyrhjulsdrift,Laddhybrid,Automat,350 hk,,,JÄGERSRO,https://www.bilia.se/bilar/sok-bil/volvo/xc60/rcd72a/,2026-01-13
NHX59N,629900,0,2026,Ny T6 Plus Dark Nordic Edition,Silver,Bensin+El,Fyrhjulsdrift,Laddhybrid,Automat,350 hk,,,KUNGÄLV,https://www.bilia.se/bilar/sok-bil/volvo/xc60/nhx59n/,2026-01-13
PZW00L,379900,197060,2023,Recharge T6 Core Edition,Svart,Bensin+El,Fyrhjulsdrift,Laddhybrid,Automat,350 hk,,,ESKILSTUNA,https://www.bilia.se/bilar/sok-bil/volvo/xc60/pzw00l/,2026-01-13
RCN57A,529900,59670,2023,,Svart,Bensin+El,Fyrhjulsdrift,Laddhybrid,Automat,456 hk,,,NACKA,https://www.bilia.se/bilar/sok-bil/volvo/xc60/rcn57a/,2026-01-13
HNW02N,689900,9990,2026,"T6 Plus Dark Nordic Edition, on call, Navigation, Taklucka",Grön,Bensin+El,Fyrhjulsdrift,Laddhybrid,Automat,350 hk,,,SISJÖN,https://www.bilia.se/bilar/sok-bil/volvo/xc60/hnw02n/,2026-01-13
FLR68C,399900,123520,2022,Recharge T8 R-Design,Blå,Bensin+El,Fyrhjulsdrift,Laddhybrid,Automat,392 hk,,,ESKILSTUNA,https://www.bilia.se/bilar/sok-bil/volvo/xc60/flr68c/,2026-01-13
RBA25F,449900,59950,2024,Recharge T6 AWD Core Edition 350hk Panorama Drag Navi,Grå,Bensin+El,Fyrhjulsdrift,Laddhybrid,Automat,350 hk,,,ARÖD,https://www.bilia.se/bilar/sok-bil/volvo/xc60/rba25f/,2026-01-13
LEN37J,519900,53970,2024,Recharge T6 Plus Dark Edition.,Grå,Bensin+El,Fyrhjulsdrift,Laddhybrid,Automat,350 hk,,,ESKILSTUNA,https://www.bilia.se/bilar/sok-bil/volvo/xc60/len37j/,2026-01-13
TMR76L,509900,61510,2021,,Vit,Bensin+El,Fyrhjulsdrift,Laddhybrid,Automat,405 hk,,,VÄRNHEM,https://www.bilia.se/bilar/sok-bil/volvo/xc60/tmr76l/,2026-01-13
LOZ09P,434000,114760,2023,Recharge T6 Plus Bright/Google/Akustik rutor/Läder/Panorma/Drag,Vit,Bensin+El,Fyrhjulsdrift,Laddhybrid,Automat,350 hk,,,BILIA HAGA NORRA VOLVO,https://www.bilia.se/bilar/sok-bil/volvo/xc60/loz09p/,2026-01-13
HXW02B,644900,0,2026,Ny T6 Plus Dark Nordic Edition,Vit,Bensin+El,Fyrhjulsdrift,Laddhybrid,Automat,350 hk,,,NACKA,https://www.bilia.se/bilar/sok-bil/volvo/xc60/hxw02b/,2026-01-13
DKW46A,329900,117920,2020,"T5 AWD Momentum Advanced SE II, Navigation",Grå,Bensin,Fyrhjulsdrift,,Automat,250 hk,,,SISJÖN,https://www.bilia.se/bilar/sok-bil/volvo/xc60/dkw46a/,2026-01-13
NLX32G,549500,35000,2023,Recharge T6 Ultimate Bright,Blå,Bensin+El,Fyrhjulsdrift,Laddhybrid,Automat,350 hk,,,JÄGERSRO,https://www.bilia.se/bilar/sok-bil/volvo/xc60/nlx32g/,2026-01-13
YWY521,319900,143150,2018,,Grå,Bensin+El,Fyrhjulsdrift,Laddhybrid,Automat,408 hk,,,NACKA,https://www.bilia.se/bilar/sok-bil/volvo/xc60/ywy521/,2026-01-13
OFB50K,653900,0,2026,Ny T6 Plus Dark Nordic Edition,Blå,Bensin+El,Fyrhjulsdrift,Laddhybrid,Automat,350 hk,,,KUNGSBACKA,https://www.bilia.se/bilar/sok-bil/volvo/xc60/ofb50k/,2026-01-13
BZB350,199000,173940,2016,D4 AWD Ocean Race Business E PRO/Läder/Värmare/Panorama,Vit,Diesel,Fyrhjulsdrift,,Automat,190 hk,,,BILIA HAGA NORRA VOLVO,https://www.bilia.se/bilar/sok-bil/volvo/xc60/bzb350/,2026-01-13
MDL830,219900,150670,2016,D4 AWD Summum Business E PRO | Drag | Kamrem bytt |,Grå,Diesel,Fyrhjulsdrift,,Automat,190 hk,,,VÄSTERÅS,https://www.bilia.se/bilar/sok-bil/volvo/xc60/mdl830/,2026-01-13
FXL46D,619900,42090,2024,,Svart,Bensin+El,Fyrhjulsdrift,Laddhybrid,Automat,456 hk,,,SISJÖN,https://www.bilia.se/bilar/sok-bil/volvo/xc60/fxl46d/,2026-01-13
ZFZ53G,449000,79650,2024,Recharge T6 Core Edition / Google / Kamera / Sensorer / VOC,Svart,Bensin+El,Fyrhjulsdrift,Laddhybrid,Automat,350 hk,,,BILIA HAGA NORRA VOLVO,https://www.bilia.se/bilar/sok-bil/volvo/xc60/zfz53g/,2026-01-13
ZNA608,629900,0,2026,Ny T6 Plus Dark Nordic Edition,Vit,Bensin+El,Fyrhjulsdrift,Laddhybrid,Automat,350 hk,,,KUNGÄLV,https://www.bilia.se/bilar/sok-bil/volvo/xc60/zna608/,2026-01-13
CJE15G,485000,75920,2022,Recharge T8 II R-Design *SE SPEC* STORA BATTERIET,Grå,Bensin+El,Fyrhjulsdrift,Laddhybrid,Automat,456 hk,,,SEGELTORP,https://www.bilia.se/bilar/sok-bil/volvo/xc60/cje15g/,2026-01-13
LLX93A,279500,155110,2020,T4 Momentum Edition,Blå,Bensin,Framhjulsdrift,,Automat,190 hk,,,LUND,https://www.bilia.se/bilar/sok-bil/volvo/xc60/llx93a/,2026-01-13
YNR02R,669900,0,2025,Ny T6 Core Bright Finns för snabb lev*Kampanjrabatt,Grå,Bensin+El,Fyrhjulsdrift,Laddhybrid,Automat,350 hk,,,SÖDERTÄLJE,https://www.bilia.se/bilar/sok-bil/volvo/xc60/ynr02r/,2026-01-13
TDF17A,314900,171890,2021,Recharge T6 Inscr Expression T,Röd,Bensin+El,Fyrhjulsdrift,Laddhybrid,Automat,340 hk,,,ESKILSTUNA,https://www.bilia.se/bilar/sok-bil/volvo/xc60/tdf17a/,2026-01-13
WUN18G,324900,124320,2021,B4 AWD Diesel Momentum Adv SE 197hk Teknikpkt Navi H/K Drag,Grå,Diesel,Fyrhjulsdrift,,Automat,197 hk,,,TROLLHÄTTAN,https://www.bilia.se/bilar/sok-bil/volvo/xc60/wun18g/,2026-01-13
ASF07J,459900,55740,2023,Recharge T6 Core Bright,Svart,Bensin+El,Fyrhjulsdrift,Laddhybrid,Automat,350 hk,,,SÄVEDALEN,https://www.bilia.se/bilar/sok-bil/volvo/xc60/asf07j/,2026-01-13
AWW173,479000,73670,2023,Recharge T6 Ultimate Bright - Drag / 360 Kamera,Silver,Bensin+El,Fyrhjulsdrift,Laddhybrid,Automat,350 hk,,,ESKILSTUNA,https://www.bilia.se/bilar/sok-bil/volvo/xc60/aww173/,2026-01-13
BER00W,489900,73220,2023,Recharge T6 Plus Dark,Grå,Bensin+El,Fyrhjulsdrift,Laddhybrid,Automat,350 hk,,,KUNGÄLV,https://www.bilia.se/bilar/sok-bil/volvo/xc60/ber00w/,2026-01-13
NUZ12K,622900,0,2026,Ny T6 Plus Bright Nordic Edition,Grå,Bensin+El,Fyrhjulsdrift,Laddhybrid,Automat,350 hk,,,VÄSTERÅS,https://www.bilia.se/bilar/sok-bil/volvo/xc60/nuz12k/,2026-01-13
WMT10R,499900,78590,2023,"Recharge T8 Plus Dark, Taklucka, on call, Navigation",Grå,Bensin+El,Fyrhjulsdrift,Laddhybrid,Automat,456 hk,,,SISJÖN,https://www.bilia.se/bilar/sok-bil/volvo/xc60/wmt10r/,2026-01-13
DXT13Y,624900,6840,2026,"T6 Plus Dark Nordic Edition, Navigation, on call",Röd,Bensin+El,Fyrhjulsdrift,Laddhybrid,Automat,350 hk,,,SISJÖN,https://www.bilia.se/bilar/sok-bil/volvo/xc60/dxt13y/,2026-01-13
UHT99P,369900,105380,2023,,Svart,Bensin+El,Fyrhjulsdrift,Laddhybrid,Automat,350 hk,,,ESKILSTUNA,https://www.bilia.se/bilar/sok-bil/volvo/xc60/uht99p/,2026-01-13
KJS80Z,626900,0,2026,Ny T6 Plus Dark Nordic Edition,Vit,Bensin+El,Fyrhjulsdrift,Laddhybrid,Automat,350 hk,,,SÖDERTÄLJE,https://www.bilia.se/bilar/sok-bil/volvo/xc60/kjs80z/,2026-01-13
XZR02S,622900,0,2026,Ny T6 Plus Bright Nordic Edition,Vit,Bensin+El,Fyrhjulsdrift,Laddhybrid,Automat,350 hk,,,KÖPING,https://www.bilia.se/bilar/sok-bil/volvo/xc60/xzr02s/,2026-01-13
BJA12K,349900,177490,2023,Recharge T6 Core Edition,Svart,Bensin+El,Fyrhjulsdrift,Laddhybrid,Automat,350 hk,,,ESKILSTUNA,https://www.bilia.se/bilar/sok-bil/volvo/xc60/bja12k/,2026-01-13
RAD89W,344500,148370,2023,,Svart,Bensin+El,Fyrhjulsdrift,Laddhybrid,Automat,350 hk,,,KÖPING,https://www.bilia.se/bilar/sok-bil/volvo/xc60/rad89w/,2026-01-13
JEU292,289900,146580,2018,T5 II AWD Inscription,Svart,Bensin,Fyrhjulsdrift,,Automat,250 hk,,,TÄBY,https://www.bilia.se/bilar/sok-bil/volvo/xc60/jeu292/,2026-01-13
GRP66X,419500,65590,2024,B5 AWD Bensin Core,Silver,Bensin,Fyrhjulsdrift,,Automat,250 hk,,,JÄGERSRO,https://www.bilia.se/bilar/sok-bil/volvo/xc60/grp66x/,2026-01-13
YWA93M,666900,0,2026,Ny T6 Plus Dark Nordic Edition,Vit,Bensin+El,Fyrhjulsdrift,Laddhybrid,Automat,350 hk,,,KUNGÄLV,https://www.bilia.se/bilar/sok-bil/volvo/xc60/ywa93m/,2026-01-13
RAE76G,509900,43000,2023,Recharge T6 Plus Dark,Svart,Bensin+El,Fyrhjulsdrift,Laddhybrid,Automat,350 hk,,,TÄBY,https://www.bilia.se/bilar/sok-bil/volvo/xc60/rae76g/,2026-01-13
ODL14P,344900,131500,2021,Recharge T6 Inscription Expression/Panorama/AWD/Blis,Vit,Bensin+El,Fyrhjulsdrift,Laddhybrid,Automat,340 hk,,,BILIA SALTSJÖ-BOO BEGAGNADE BILAR,https://www.bilia.se/bilar/sok-bil/volvo/xc60/odl14p/,2026-01-13
SWE96Y,419500,102180,2022,B5 AWD Bensin Inscription,Svart,Bensin,Fyrhjulsdrift,,Automat,250 hk,,,JÄGERSRO,https://www.bilia.se/bilar/sok-bil/volvo/xc60/swe96y/,2026-01-13
FOU151,209900,149250,2016,D4 AWD aut Ocean Race BE 190hk Drag P-värm Backkamera BLIS,Svart,Diesel,Fyrhjulsdrift,,Automat,190 hk,,,TROLLHÄTTAN,https://www.bilia.se/bilar/sok-bil/volvo/xc60/fou151/,2026-01-13
RCE22W,618900,0,2026,Ny T6 Plus Dark Nordic Edition,Vit,Bensin+El,Fyrhjulsdrift,Laddhybrid,Automat,350 hk,,,TRELLEBORG,https://www.bilia.se/bilar/sok-bil/volvo/xc60/rce22w/,2026-01-13
UAH69X,449500,82330,2023,Recharge T6 Plus Bright,Svart,Bensin+El,Fyrhjulsdrift,Laddhybrid,Automat,350 hk,,,JÄGERSRO,https://www.bilia.se/bilar/sok-bil/volvo/xc60/uah69x/,2026-01-13
TMO938,359900,108890,2022,Recharge T6 Inscription Expression,Svart,Bensin+El,Fyrhjulsdrift,Laddhybrid,Automat,340 hk,,,KUNGÄLV,https://www.bilia.se/bilar/sok-bil/volvo/xc60/tmo938/,2026-01-13
